"","X","species_code","scientific_name","common_name.x","group","order","family","CCS.max","habitat_score","habitat_comment","bodymass","predicted_defecation_rate","est_axial_length","wingloading_quantile","axiallength_quantile","CCS_quantile","vis_acuity_risk","exposure","exposure_scaled","VI","exposure_scaled_2","risk"
"1",1,"brwhaw","Buteo platypterus","Broad-winged Hawk","landbird","Accipitriformes","Accipitridae",8,1,"",453.65,16.2206674347041,33.4537712794164,4,5,1,1,5094.83342550698,1.59741704773436,2.5,0.14935426193359,0.373385654833974
"2",2,"coohaw","Accipiter cooperii","Cooper's Hawk","landbird","Accipitriformes","Accipitridae",7,1,"",429.67,15.5112131074165,18.1351242264106,4,5,1,1,4156.00867949801,1.48733103289182,2.5,0.121832758222954,0.304581895557386
"3",3,"goleag","Aquila chrysaetos","Golden Eagle","landbird","Accipitriformes","Accipitridae",10,1,"Fishing rare",4247.97,102.344772952969,17.8790228778656,5,5,3,1,55.6020742563638,1.00651986518025,9,0.00162996629506283,0.0146696966555654
"4",4,"norhar2","Circus hudsonius","Northern Harrier","landbird","Accipitriformes","Accipitridae",11,1,"",392.98,14.411963775594,32.5784232997073,3,5,4,1,520.84036344727,1.06107342208948,8,0.015268355522369,0.122146844178952
"5",5,"osprey","Pandion haliaetus","Osprey","landbird","Accipitriformes","Pandionidae",7,3,"",1483.2,43.0270520196512,15.9226492558413,4,5,1,1,5308.46571614374,1.62246743932007,7.5,0.155616859830018,1.16712644872514
"6",6,"reshaw","Buteo lineatus","Red-shouldered Hawk","landbird","Accipitriformes","Accipitridae",8,1,"",603.72,20.5247100802972,17.4659403861397,4,5,1,1,2433.00624434888,1.28529282239949,2.5,0.0713232055998736,0.178308013999684
"7",7,"rethaw","Buteo jamaicensis","Red-tailed Hawk","landbird","Accipitriformes","Accipitridae",7,1,"",1101.16,33.6684061535229,24.731705571669,4,5,1,1,1018.09342183409,1.11938101123088,2.5,0.029845252807719,0.0746131320192975
"8",8,"rolhaw","Buteo lagopus","Rough-legged Hawk","landbird","Accipitriformes","Accipitridae",9,1,"",949.76,29.8073803624767,19.5444799508693,3,5,2,1,117.329027668954,1.01375792993989,4,0.00343948248497224,0.013757929939889
"9",9,"shshaw","Accipiter striatus","Sharp-shinned Hawk","landbird","Accipitriformes","Accipitridae",9,1,"",130.59,5.81716403703013,22.8759751975911,2,5,2,1,3781.05654904478,1.44336437567087,3,0.110841093917718,0.332523281753154
"10",10,"ambduc","Anas rubripes","American Black Duck","waterfowl","Anseriformes","Anatidae",12,4,"Tolerant of vegetation but possibly high collision risk due to habitat use.",1240.96,37.1508044838062,22.0068113707697,5,5,4,1,16085.6898947926,2.88619814724583,48,0.471549536811457,22.6343777669499
"11",11,"brant","Branta bernicla","Brant","waterfowl","Anseriformes","Anatidae",13,4,"",1277.91,38.0593747294842,13.0885348696826,5,4,5,2,14988.6883314224,2.75756441565659,70,0.439391103914146,30.7573772739903
"12",12,"buffle","Bucephala albeola","Bufflehead","waterfowl","Anseriformes","Anatidae",8,4,"",397.46,14.5471270472349,17.73095333351,5,5,1,1,3533.695407536,1.41435895968523,12,0.103589739921308,1.2430768790557
"13",13,"buwtea","Spatula discors","Blue-winged Teal","waterfowl","Anseriformes","Anatidae",8,4,"",359.44,13.391137655255,12.9051602655968,5,4,1,2,59.2413377200756,1.00694660298556,14,0.0017366507463902,0.0243131104494627
"14",14,"cangoo","Branta canadensis","Canada Goose","waterfowl","Anseriformes","Anatidae",6,4,"",2811.68,72.8587655879555,11.3288892463391,5,4,1,2,4774.16421717922,1.55981557272256,14,0.13995389318064,1.95935450452895
"15",15,"comgol","Bucephala clangula","Common Goldeneye","waterfowl","Anseriformes","Anatidae",9,4,"",918.56,28.9986543861109,11.9364696152749,5,4,2,2,1308.13200579113,1.15339075798514,28,0.0383476894962858,1.073735305896
"16",16,"commer","Mergus merganser","Common Merganser","waterfowl","Anseriformes","Anatidae",10,5,"",1451.02,42.256806847247,11.3316011582228,5,4,3,2,6394.08175204441,1.74976611092999,52.5,0.187441527732498,9.84068020595616
"17",17,"gadwal","Mareca strepera","Gadwall","waterfowl","Anseriformes","Anatidae",8,4,"",915.58,28.9211592880732,12.3525535134364,5,4,1,2,712.165214987358,1.08350805702632,14,0.0208770142565807,0.29227819959213
"18",18,"gnwtea","Anas crecca","Green-winged Teal","waterfowl","Anseriformes","Anatidae",9,4,"",341.89,12.8503393376781,13.0047033390337,5,4,2,2,712.784679250751,1.08358069502653,28,0.0208951737566323,0.585064865185704
"19",19,"gresca","Aythya marila","Greater Scaup","waterfowl","Anseriformes","Anatidae",10,4,"",1005.37,31.2373482883384,9.57792261446494,5,3,3,3,6455.01318188858,1.75691089308312,48,0.189227723270781,9.08293071699749
"20",20,"gwfgoo","Anser albifrons","Greater White-fronted Goose","waterfowl","Anseriformes","Anatidae",9,4,"",2506.39,66.2788555235783,9.32901194367214,5,3,2,3,0.818175481660106,1.00009593875598,32,2.39846889956652e-05,0.000767510047861285
"21",21,"lessca","Aythya affinis","Lesser Scaup","waterfowl","Anseriformes","Anatidae",9,4,"",819.45,26.3963927455193,15.9877210157671,5,5,2,1,1576.85457436786,1.18490100182844,24,0.0462252504571101,1.10940601097064
"22",22,"lotduc","Clangula hyemalis","Long-tailed Duck","waterfowl","Anseriformes","Anatidae",13,4,"",871,27.7564401014498,15.9877210157671,5,5,5,1,1384.0822634203,1.1622966386878,60,0.0405741596719506,2.43444958031704
"23",23,"mallar3","Anas platyrhynchos","Mallard","waterfowl","Anseriformes","Anatidae",7,4,"",843.42,27.0306179016566,12.7978037740126,5,4,1,2,1612.94243072846,1.18913264176746,14,0.0472831604418643,0.6619642461861
"24",24,"mutswa","Cygnus olor","Mute Swan","waterfowl","Anseriformes","Anatidae",8,4,"",10682.04,218.702957262148,9.44922583613699,5,3,1,3,34112.4073698841,5,16,1,16
"25",25,"norpin","Anas acuta","Northern Pintail","waterfowl","Anseriformes","Anatidae",13,4,"",944.62,29.6744745311221,11.9274677411967,5,4,5,2,485.482867005611,1.05692742370733,70,0.0142318559268325,0.996229914878278
"26",26,"norsho","Spatula clypeata","Northern Shoveler","waterfowl","Anseriformes","Anatidae",7,4,"",612.56,20.7718816651977,13.444646397201,5,4,1,2,172.406314628571,1.02021625888307,14,0.00505406472076723,0.0707569060907413
"27",27,"rebmer","Mergus serrator","Red-breasted Merganser","waterfowl","Anseriformes","Anatidae",9,5,"",1015.17,31.4878814106218,11.3358029724852,5,4,2,2,2653.6140314361,1.31116115642766,35,0.0777902891069139,2.72266011874199
"28",28,"rinduc","Aythya collaris","Ring-necked Duck","waterfowl","Anseriformes","Anatidae",8,4,"",704.55,23.3084971677545,11.9173219517226,5,4,1,2,7199.04436005689,1.84415553343943,14,0.211038883359857,2.954544367038
"29",29,"rudduc","Oxyura jamaicensis","Ruddy Duck","waterfowl","Anseriformes","Anatidae",8,5,"Needs space to take off",608.15,20.6486547475535,9.20751211329724,5,3,1,3,3115.57438688832,1.36533034483387,20,0.0913325862084681,1.82665172416936
"30",30,"tunswa","Cygnus columbianus","Tundra Swan","waterfowl","Anseriformes","Anatidae",11,4,"",6377.96,143.025528283849,12.2129028459668,5,4,4,2,1548.47391763451,1.18157310339833,56,0.0453932758495833,2.54202344757667
"31",31,"wooduc","Aix sponsa","Wood Duck","waterfowl","Anseriformes","Anatidae",7,4,"",657.59,22.0214048784866,15.5136524141863,5,5,1,1,7373.01456206192,1.86455517279864,12,0.21613879319966,2.59366551839592
"32",32,"chiswi","Chaetura pelagica","Chimney Swift","landbird","Apodiformes","Apodidae",13,1,"",23.6,1.42184787549222,10.7322789310166,2,3,5,3,5822.31379280988,1.68272095014321,12.5,0.170680237535803,2.13350296919753
"33",33,"rthhum","Archilochus colubris","Ruby-throated Hummingbird","landbird","Apodiformes","Trochilidae",8,1,"",3.09,0.266527257520165,11.5761124462253,2,4,1,2,2655.61585988912,1.31139588960627,2,0.077848972401567,0.155697944803134
"34",34,"chwwid","Antrostomus carolinensis","Chuck-will's-widow","landbird","Caprimulgiformes","Caprimulgidae",12,1,"",109,5.0127988196823,11.7625511064425,2,4,4,2,9240.395792673,2.08352315243876,8,0.27088078810969,2.16704630487752
"35",35,"comnig","Chordeiles minor","Common Nighthawk","landbird","Caprimulgiformes","Caprimulgidae",11,1,"",79.3,3.85754621000381,11.6638491621312,2,4,4,2,3974.41236778462,1.46603716057793,8,0.116509290144483,0.932074321155863
"36",36,"blkvul","Coragyps atratus","Black Vulture","landbird","Cathartiformes","Cathartidae",5,1,"",1881.69,52.3418274511597,11.6638491621312,4,4,1,2,126.617158311331,1.01484705045157,3,0.00371176261289358,0.0111352878386807
"37",37,"turvul","Cathartes aura","Turkey Vulture","landbird","Cathartiformes","Cathartidae",6,1,"",1518.24,43.8624069613581,22.6776156718872,4,5,1,1,557.800301747848,1.06540732182277,2.5,0.0163518304556922,0.0408795761392304
"38",38,"bkbplo","Pluvialis squatarola","Black-bellied Plover","shorebird","Charadriiformes","Charadriidae",13,3,"",250,9.93031113219326,12.0151731226382,4,4,5,2,2805.46162768994,1.32896671258291,45,0.0822416781457272,3.70087551655772
"39",39,"blkter","Chlidonias niger","Black Tern","waterbird","Charadriiformes","Laridae",12,3,"",65.3,3.2873106096805,10.7267340005716,1,3,4,3,89.2160133745058,1.01046141509828,24,0.00261535377457029,0.062768490589687
"40",40,"calgul","Larus californicus","California Gull","waterbird","Charadriiformes","Laridae",12,3,"",683.39,22.7304748719344,12.2439678128045,4,4,4,2,0,0,36,0,0
"41",41,"caster1","Hydroprogne caspia","Caspian Tern","waterbird","Charadriiformes","Laridae",9,3,"",655,21.9499546012078,12.4310587774538,4,4,2,2,2615.75060163712,1.3067213138345,18,0.0766803284586248,1.38024591225525
"42",42,"dunlin","Calidris alpina","Dunlin","shorebird","Charadriiformes","Scolopacidae",12,3,"",51.89,2.72039032288708,11.1270589675225,3,4,4,2,2300.54105234408,1.26976003509797,30,0.0674400087744936,2.02320026323481
"43",43,"forter","Sterna forsteri","Forster's Tern","waterbird","Charadriiformes","Laridae",13,3,"",149,6.48452747902865,13.8737995306566,2,4,5,2,2869.27596072346,1.33644954219872,30,0.0841123855496809,2.52337156649043
"44",44,"fragul","Leucophaeus pipixcan","Franklin's Gull","waterbird","Charadriiformes","Laridae",11,3,"",280,10.9016907246809,10.7064561053183,3,3,4,3,0,0,36,0,0
"45",45,"gbbgul","Larus marinus","Great Black-backed Gull","waterbird","Charadriiformes","Laridae",15,3,"",1649.71,46.9671006401391,15.7200864088875,4,5,5,1,2941.58990150315,1.34492903061425,37.5,0.086232257653563,3.23370966200861
"46",46,"greyel","Tringa melanoleuca","Greater Yellowlegs","shorebird","Charadriiformes","Scolopacidae",14,3,"",161.74,6.93778080670472,12.4930866002393,4,4,5,2,860.110899185497,1.1008560773632,45,0.0252140193407997,1.13463087033599
"47",47,"hergul","Larus argentatus","Herring Gull","waterbird","Charadriiformes","Laridae",12,3,"",1090.99,33.4121281263906,22.8910899552608,4,5,4,1,9284.91099215604,2.08874297747196,30,0.272185744367991,8.16557233103973
"48",48,"killde","Charadrius vociferus","Killdeer","shorebird","Charadriiformes","Charadriidae",10,3,"",96.44,4.53205741779544,19.8126561454996,3,5,3,1,1164.18028117761,1.13651106690352,18,0.0341277667258804,0.614299801065848
"49",49,"laugul","Leucophaeus atricilla","Laughing Gull","waterbird","Charadriiformes","Laridae",11,3,"",307.41,11.7732116260077,14.225652362712,3,5,4,1,5945.46299816176,1.69716135055431,24,0.174290337638576,4.18296810332583
"50",50,"lbbgul","Larus fuscus","Lesser Black-backed Gull","waterbird","Charadriiformes","Laridae",7,3,"",762.36,24.872400675288,10.9278630568589,4,4,1,2,1383.93240266211,1.16227906610706,9,0.0405697665267656,0.36512789874089
"51",51,"pecsan","Calidris melanotos","Pectoral Sandpiper","shorebird","Charadriiformes","Scolopacidae",14,3,"",79.73,3.87476339490386,8.20031530361567,4,2,5,4,157.299558486523,1.01844484990824,60,0.00461121247705884,0.27667274862353
"52",52,"redkno","Calidris canutus","Red Knot","shorebird","Charadriiformes","Scolopacidae",13,3,"",141.87,6.22789588668232,4.81503614892359,4,1,5,5,3036.70506052824,1.35608217591927,67.5,0.0890205439798182,6.00888671863773
"53",53,"royter1","Thalasseus maximus","Royal Tern","waterbird","Charadriiformes","Laridae",11,3,"",415.31,15.083035033951,13.1289735293259,4,4,4,2,435.424945087814,1.05105766243543,36,0.0127644156088563,0.459518961918828
"54",54,"rudtur","Arenaria interpres","Ruddy Turnstone","shorebird","Charadriiformes","Scolopacidae",14,3,"",135.98,6.01417648602951,12.0795482773555,4,4,5,2,2811.71613503394,1.32970011228422,45,0.0824250280710544,3.70912626319745
"55",55,"sander","Calidris alba","Sanderling","shorebird","Charadriiformes","Scolopacidae",13,3,"",51.71,2.7126168276258,10.8858849801019,3,4,5,2,2756.46637546314,1.32322155930826,37.5,0.0808053898270655,3.03020211851495
"56",56,"santer1","Thalasseus sandvicensis","Sandwich Tern","waterbird","Charadriiformes","Laridae",10,3,"",199.83,8.2575918923194,18.0381590173072,3,5,3,1,28.3081276605129,1.00331939371544,18,0.00082984842885948,0.0149372717194706
"57",57,"shbdow","Limnodromus griseus","Short-billed Dowitcher","shorebird","Charadriiformes","Scolopacidae",15,3,"",110.53,5.07067142163686,17.0522881174367,4,5,5,1,3804.78201328638,1.44614640907993,37.5,0.111536602269982,4.18262258512434
"58",58,"solsan","Tringa solitaria","Solitary Sandpiper","shorebird","Charadriiformes","Scolopacidae",10,3,"",48.4,2.5687982610757,13.0536117642482,3,4,3,2,3367.54940294519,1.39487678092379,22.5,0.0987191952309472,2.22118189269631
"59",59,"sposan","Actitis macularius","Spotted Sandpiper","shorebird","Charadriiformes","Scolopacidae",12,3,"",40.4,2.21368061366582,10.8722437996899,3,4,4,2,1648.31916159705,1.19328089556673,30,0.0483202238916815,1.44960671675045
"60",60,"wesgul","Larus occidentalis","Western Gull","waterbird","Charadriiformes","Laridae",15,3,"",922.78,29.1083199159207,7.7197959103693,4,2,5,4,0,0,60,0,0
"61",61,"willet1","Tringa semipalmata","Willet","shorebird","Charadriiformes","Scolopacidae",14,3,"",245.7,9.7894414046493,12.3967700902385,3,4,5,2,742.337168247738,1.08704600179032,37.5,0.0217615004475793,0.816056266784222
"62",62,"y00478","Larus glaucoides","Iceland Gull","waterbird","Charadriiformes","Laridae",11,3,"",693.31,23.0018444612884,8.72214724535827,4,3,4,3,43.7948257857677,1.00513535445457,42,0.00128383861364272,0.0539212217729943
"63",63,"woosto","Mycteria americana","Wood Stork","waterbird","Ciconiiformes","Ciconiidae",10,3,"",2554.47,67.3241138182825,11.8539316959533,4,4,3,2,0.102999474144797,1.00001207765527,27,3.01941381703038e-06,8.15241730598202e-05
"64",64,"eucdov","Streptopelia decaocto","Eurasian Collared-Dove","landbird","Columbiformes","Columbidae",5,1,"",148.96,6.48309388719276,8.60812769963641,3,3,1,3,0.29384310666627,1.00003445586276,3,8.61396568937809e-06,2.58418970681343e-05
"65",65,"moudov","Zenaida macroura","Mourning Dove","landbird","Columbiformes","Columbidae",7,1,"",118.93,5.38594614652155,16.1317166088213,3,5,1,1,1274.71539718966,1.14947234692267,2,0.0373680867306667,0.0747361734613334
"66",66,"rocpig","Columba livia","Rock Pigeon","landbird","Columbiformes","Columbidae",7,1,"",354.2,13.2301668492119,15.9534557560723,4,5,1,1,1758.49502020308,1.20620004928243,2.5,0.0515500123206068,0.128875030801517
"67",67,"belkin1","Megaceryle alcyon","Belted Kingfisher","landbird","Coraciiformes","Alcedinidae",10,3,"",148,6.44866724936404,8.21258179165146,3,2,3,4,3608.69341743171,1.42315318040176,31.5,0.10578829510044,3.33233129566385
"68",68,"yebcuc","Coccyzus americanus","Yellow-billed Cuckoo","landbird","Cuculiformes","Cuculidae",11,1,"",64,3.23332196344332,10.825531809167,2,3,4,3,2404.15640508643,1.28190990791332,10,0.0704774769783303,0.704774769783303
"69",69,"amekes","Falco sparverius","American Kestrel","landbird","Falconiformes","Falconidae",10,1,"",114.61,5.22431404472989,12.7702070031802,3,4,3,2,434.038787972404,1.05089512250086,7.5,0.0127237806252159,0.0954283546891194
"70",70,"merlin","Falco columbarius","Merlin","landbird","Falconiformes","Falconidae",8,1,"",188.5,7.87006392011577,20.3195285418529,3,5,1,1,2205.68239013995,1.25863696645312,2,0.0646592416132795,0.129318483226559
"71",71,"perfal","Falco peregrinus","Peregrine Falcon","landbird","Falconiformes","Falconidae",9,1,"",759.95,24.8076328804507,19.919315648721,4,5,2,1,1194.54945788916,1.14007213796863,5,0.0350180344921585,0.175090172460792
"72",72,"norbob","Colinus virginianus","Northern Bobwhite","landbird","Galliformes","Odontophoridae",12,1,"",171.89,7.29437809538654,11.0606451060959,5,4,4,2,157.754455604845,1.01849819086578,14,0.00462454771644517,0.0647436680302324
"73",73,"rinphe1","Phasianus colchicus","Ring-necked Pheasant","landbird","Galliformes","Phasianidae",8,1,"",1120.31,34.1498454641867,18.2340352259442,5,5,1,1,4.66173127968603,1.00054663175532,3,0.000136657938829659,0.000409973816488978
"74",74,"rufgro","Bonasa umbellus","Ruffed Grouse","landbird","Galliformes","Phasianidae",8,1,"",530.91,18.4634862083116,12.4392882286969,5,4,1,2,549.570436448949,1.06444229285725,3.5,0.0161105732143119,0.0563870062500915
"75",75,"wiltur","Meleagris gallopavo","Wild Turkey","landbird","Galliformes","Phasianidae",7,1,"",5791.37,132.101743754081,9.65988211666512,5,3,1,3,2668.72439766698,1.3129329887193,4,0.0782332471798238,0.312932988719295
"76",76,"comloo","Gavia immer","Common Loon","waterbird","Gaviiformes","Gaviidae",9,5,"",4956.81,116.213683414371,13.0863919351505,5,4,2,2,3848.58819439059,1.45128309505219,35,0.112820773763047,3.94872708170664
"77",77,"retloo","Gavia stellata","Red-throated Loon","waterbird","Gaviiformes","Gaviidae",9,5,"",1486,43.0939311737395,16.6003720520143,5,5,2,1,6828.31288427005,1.80068378760021,30,0.200170946900053,6.0051284070016
"78",78,"kinrai4","Rallus elegans","King Rail","waterbird","Gruiformes","Rallidae",15,3,"",313.31,11.9589755681862,6.62745332421498,4,1,5,5,277.773477571421,1.03257154788983,67.5,0.00814288697245835,0.549644870640938
"79",79,"limpki","Aramus guarauna","Limpkin","waterbird","Gruiformes","Aramidae",8,3,"",1080,33.1347120192291,9.12230405864557,3,3,1,3,0.181040357760137,1.00002122868149,9,5.30717037343917e-06,4.77645333609525e-05
"80",80,"sora","Porzana carolina","Sora","waterbird","Gruiformes","Rallidae",9,3,"",74.8,3.67635679953726,15.4802600453427,4,5,2,1,640.937033609271,1.07515588409338,15,0.0187889710233444,0.281834565350165
"81",81,"virrai","Rallus limicola","Virginia Rail","waterbird","Gruiformes","Rallidae",10,3,"",84.1,4.04882633479201,9.86261225469015,3,3,3,3,14591.2985265865,2.71096673047688,27,0.427741682619219,11.5490254307189
"82",82,"y00475","Fulica americana","American Coot","waterbird","Gruiformes","Rallidae",10,3,"",636.74,21.4447872709345,13.6092969388812,5,4,3,2,152.496004654866,1.01788158812732,31.5,0.00447039703182884,0.140817506502608
"83",83,"amecro","Corvus brachyrhynchos","American Crow","landbird","Passeriformes","Corvidae",8,1,"",448.76,16.0765440256801,9.19032701972336,4,3,1,3,4208.66632674308,1.4935056363637,3.5,0.123376409090924,0.431817431818235
"84",84,"amegfi","Spinus tristis","American Goldfinch","landbird","Passeriformes","Fringillidae",8,1,"",12.79,0.858555175240691,8.31440929441094,2,3,1,3,3358.8993634115,1.39386248258478,2.5,0.0984656206461959,0.24616405161549
"85",85,"amered","Setophaga ruticilla","American Redstart","landbird","Passeriformes","Parulidae",9,1,"",8.24,0.59775956257174,8.71514334532292,1,3,2,3,3928.25666515752,1.46062497115059,4,0.115156242787648,0.460624971150592
"86",86,"amerob","Turdus migratorius","American Robin","landbird","Passeriformes","Turdidae",7,1,"",78.5,3.8254702899251,10.6874045028833,3,3,1,3,3256.9375302849,1.38190650046707,3,0.095476625116768,0.286429875350304
"87",87,"amtspa","Spizelloides arborea","American Tree Sparrow","landbird","Passeriformes","Passerellidae",12,1,"",17.83,1.12871248748522,14.9897415723019,2,5,4,1,1034.79309655759,1.12133920486317,6,0.0303348012157932,0.182008807294759
"88",88,"banswa","Riparia riparia","Bank Swallow","landbird","Passeriformes","Hirundinidae",11,2,"""Presently breeds primarily in lowland areas along ocean coasts, rivers, streams, lakes, reservoirs, and wetlands (Cramp 1988, Turner and Rose 1989a, Am. Ornithol. Union American Ornithologists' Union 1998a). """,12.68,0.8524698451529,9.23797484331562,1,3,4,3,1311.61448890015,1.15379911182206,16,0.0384497779555159,0.615196447288254
"89",89,"barswa","Hirundo rustica","Barn Swallow","landbird","Passeriformes","Hirundinidae",9,2,"",17.91,1.13288131040571,14.1591166615608,1,5,2,1,1167.66280685869,1.13691942573242,4,0.034229856433104,0.136919425732416
"90",90,"bawwar","Mniotilta varia","Black-and-white Warbler","landbird","Passeriformes","Parulidae",9,1,"",10.9,0.752629254162325,10.5693802433614,1,3,2,3,4134.48190383342,1.48480681635897,4,0.121201704089742,0.484806816358967
"91",91,"bkcchi","Poecile atricapillus","Black-capped Chickadee","landbird","Passeriformes","Paridae",7,1,"",10.8,0.746938490925969,11.662357180721,2,4,1,2,1973.24501643411,1.23138150234172,2,0.0578453755854293,0.115690751170859
"92",92,"bkpwar","Setophaga striata","Blackpoll Warbler","landbird","Passeriformes","Parulidae",11,1,"",11.84,0.805685358573765,8.20511156964005,1,2,4,4,15005.4395250592,2.7595286503651,10,0.439882162591276,4.39882162591276
"93",93,"blujay","Cyanocitta cristata","Blue Jay","landbird","Passeriformes","Corvidae",8,1,"",88,4.20282310312945,11.6904894296843,3,4,1,2,2904.7378164097,1.34060777768199,2.5,0.0851519444204965,0.212879861051241
"94",94,"bnhcow","Molothrus ater","Brown-headed Cowbird","landbird","Passeriformes","Icteridae",8,1,"",40.26,2.20736147654786,6.95448643419263,3,2,1,4,2304.42034574673,1.27021491866695,3.5,0.0675537296667364,0.236438053833577
"95",95,"bohwax","Bombycilla garrulus","Bohemian Waxwing","landbird","Passeriformes","Bombycillidae",11,1,"",54.41,2.82872828039256,10.0110895804892,3,3,4,3,575.799184252031,1.06751785976388,12,0.0168794649409696,0.202553579291635
"96",96,"brebla","Euphagus cyanocephalus","Brewer's Blackbird","landbird","Passeriformes","Icteridae",11,1,"",62.48,3.16995051778766,7.92331240701572,3,2,4,4,0.0268816235127975,1.00000315212271,14,7.88030678143512e-07,1.10324294940092e-05
"97",97,"brnthr","Toxostoma rufum","Brown Thrasher","landbird","Passeriformes","Mimidae",11,1,"",68.8,3.43173541766906,8.06419075495745,3,2,4,4,2735.1075812122,1.32071704017312,14,0.0801792600432789,1.12250964060591
"98",98,"btbwar","Setophaga caerulescens","Black-throated Blue Warbler","landbird","Passeriformes","Parulidae",10,1,"",10.14,0.709141098280572,7.6915233470134,1,2,3,4,9749.1220585507,2.1431760828651,7.5,0.285794020716276,2.14345515537207
"99",99,"btnwar","Setophaga virens","Black-throated Green Warbler","landbird","Passeriformes","Parulidae",11,1,"",8.69,0.624515527100798,8.42636224140141,2,3,4,3,5132.63497808411,1.60184963464237,10,0.150462408660593,1.50462408660593
"100",100,"buhvir","Vireo solitarius","Blue-headed Vireo","landbird","Passeriformes","Vireonidae",8,1,"",15.3,0.995070030887489,11.0098134431757,2,4,1,2,7181.26883758893,1.84207118655939,2,0.210517796639849,0.421035593279697
"101",101,"camwar","Setophaga tigrina","Cape May Warbler","landbird","Passeriformes","Parulidae",11,1,"",10.04,0.703376923368068,9.95635105372356,1,3,4,3,9280.27923729719,2.0881998607334,8,0.272049965183349,2.17639972146679
"102",102,"cedwax","Bombycilla cedrorum","Cedar Waxwing","landbird","Passeriformes","Bombycillidae",8,1,"",31.58,1.80728182348908,17.4517080076723,2,5,1,1,4875.3150445425,1.57167645680107,1.5,0.142919114200267,0.214378671300401
"103",103,"chispa","Spizella passerina","Chipping Sparrow","landbird","Passeriformes","Passerellidae",9,1,"",12.2,0.825805278289198,6.97558893848768,1,2,2,4,1977.37864635845,1.23186620925548,5,0.0579665523138707,0.289832761569354
"104",104,"chswar","Setophaga pensylvanica","Chestnut-sided Warbler","landbird","Passeriformes","Parulidae",12,1,"",9.29,0.659813764719598,12.3405720809234,2,4,4,2,4976.27275984284,1.58351469667733,8,0.145878674169332,1.16702939335466
"105",105,"comgra","Quiscalus quiscula","Common Grackle","landbird","Passeriformes","Icteridae",10,1,"",105.18,4.86767450154358,8.50812476154276,3,3,3,3,20797.5300287561,3.43870563613368,9,0.60967640903342,5.48708768130078
"106",106,"comrav","Corvus corax","Common Raven","landbird","Passeriformes","Corvidae",6,1,"",927.97,29.2430716475922,10.0575131800018,4,3,1,3,121.150461915934,1.0142060289797,3.5,0.00355150724492377,0.0124302753572332
"107",107,"comyel","Geothlypis trichas","Common Yellowthroat","landbird","Passeriformes","Parulidae",9,2,"",9.54,0.674401469588556,16.1927150125803,2,5,2,1,3638.1978247248,1.42661284913439,6,0.106653212283598,0.639919273701585
"108",108,"daejun","Junco hyemalis","Dark-eyed Junco","landbird","Passeriformes","Passerellidae",9,1,"",19.5,1.21507663377797,19.8310168586116,2,5,2,1,1567.34252984299,1.183785625312,3,0.0459464063280011,0.137839218984003
"109",109,"easblu","Sialia sialis","Eastern Bluebird","landbird","Passeriformes","Turdidae",7,1,"",27.5,1.61268860714008,9.51800100835202,2,3,1,3,2974.00237979804,1.34872969797184,2.5,0.087182424492961,0.217956061232402
"110",110,"easmea","Sturnella magna","Eastern Meadowlark","landbird","Passeriformes","Icteridae",11,1,"",91.76,4.35015462847668,8.97303234066075,4,3,4,3,977.668896498294,1.11464085614332,14,0.0286602140358298,0.401242996501617
"111",111,"easpho","Sayornis phoebe","Eastern Phoebe","landbird","Passeriformes","Tyrannidae",9,1,"",19.7,1.22533009578646,11.9415529548318,1,4,2,2,4295.1524028465,1.5036469406892,3,0.125911735172301,0.377735205516903
"112",112,"eastow","Pipilo erythrophthalmus","Eastern Towhee","landbird","Passeriformes","Passerellidae",13,1,"",40.03,2.19697160717777,14.1216167524485,3,5,5,1,4439.13391361614,1.52053012447725,10,0.130132531119314,1.30132531119314
"113",113,"eursta","Sturnus vulgaris","European Starling","landbird","Passeriformes","Sturnidae",9,1,"",77.14,3.77080831734873,9.7468032112666,3,3,2,3,2480.84409254077,1.29090225918573,6,0.0727255647964313,0.436353388778588
"114",114,"fiespa","Spizella pusilla","Field Sparrow","landbird","Passeriformes","Passerellidae",13,1,"",12.5,0.842491874421535,10.3492698049173,2,3,5,3,4474.40946946429,1.52466651455558,12.5,0.131166628638895,1.63958285798619
"115",115,"fiscro","Corvus ossifragus","Fish Crow","landbird","Passeriformes","Corvidae",11,1,"",284.6,11.0489663061387,12.8213416666869,3,4,4,2,15580.7801982266,2.82699274539996,10,0.45674818634999,4.5674818634999
"116",116,"foxspa","Passerella iliaca","Fox Sparrow","landbird","Passeriformes","Passerellidae",9,1,"",33.25,1.88562531640882,14.6057406819771,3,5,2,1,4830.48490342601,1.56641970190478,4,0.141604925476194,0.566419701904777
"117",117,"gockin","Regulus satrapa","Golden-crowned Kinglet","landbird","Passeriformes","Regulidae",10,1,"",6.19,0.472299868746161,21.0420077327915,1,5,3,1,2361.55612160958,1.27691462475843,3,0.0692286561896087,0.207685968568826
"118",118,"graspa","Ammodramus savannarum","Grasshopper Sparrow","landbird","Passeriformes","Passerellidae",12,1,"",17.61,1.11723114198543,8.76346806541466,2,3,4,3,920.646305378055,1.10795442202544,10,0.0269886055063602,0.269886055063602
"119",119,"grycat","Dumetella carolinensis","Gray Catbird","landbird","Passeriformes","Mimidae",8,1,"",35.3,1.98085381168832,14.3176636536884,2,5,1,1,7301.50393527625,1.85616988049015,1.5,0.214042470122538,0.321063705183807
"120",120,"gycthr","Catharus minimus","Gray-cheeked Thrush","landbird","Passeriformes","Turdidae",9,1,"",31.58,1.80728182348908,11.7744001089534,2,4,2,2,4938.41943436748,1.57907603891097,4,0.144769009727743,0.579076038910972
"121",121,"herthr","Catharus guttatus","Hermit Thrush","landbird","Passeriformes","Turdidae",9,1,"",30.1,1.73723880405139,11.4277034035026,3,4,2,2,4172.29219307164,1.48924042772251,5,0.122310106930627,0.611550534653136
"122",122,"hoowar","Setophaga citrina","Hooded Warbler","landbird","Passeriformes","Parulidae",10,1,"",10.54,0.73209868873621,22.0146185341565,1,5,3,1,2156.37282265995,1.25285495676435,3,0.0632137391910867,0.18964121757326
"123",123,"houspa","Passer domesticus","House Sparrow","landbird","Passeriformes","Passeridae",9,1,"",26.51,1.56472480869596,20.525356403696,3,5,2,1,1102.88931613988,1.12932412587375,4,0.0323310314684374,0.12932412587375
"124",124,"houwre","Troglodytes aedon","House Wren","landbird","Passeriformes","Troglodytidae",5,1,"",10.85,0.749785029719481,16.6922571863243,2,5,1,1,385.303797647475,1.04518048737746,1.5,0.0112951218443656,0.0169426827665484
"125",125,"indbun","Passerina cyanea","Indigo Bunting","landbird","Passeriformes","Cardinalidae",10,1,"",14.69,0.96228278528553,14.9719223717539,2,5,3,1,1607.44542695704,1.18848806647122,4.5,0.0471220166178058,0.212049074780126
"126",126,"laplon","Calcarius lapponicus","Lapland Longspur","landbird","Passeriformes","Calcariidae",10,1,"",27.84,1.62909027757939,10.4232144703663,2,3,3,3,5.72802999802246,1.0006716652901,7.5,0.000167916322524907,0.0012593724189368
"127",127,"linspa","Melospiza lincolnii","Lincoln's Sparrow","landbird","Passeriformes","Passerellidae",7,1,"",16.6,1.06419014972044,9.8891509958305,3,3,1,3,618.371577452468,1.07250987252203,3,0.0181274681305076,0.0543824043915229
"128",128,"louwat","Parkesia motacilla","Louisiana Waterthrush","landbird","Passeriformes","Parulidae",11,2,"",19.9,1.23556520086336,13.674397132101,2,4,4,2,3827.81186057084,1.44884687487054,16,0.112211718717636,1.79538749948217
"129",129,"magwar","Setophaga magnolia","Magnolia Warbler","landbird","Passeriformes","Parulidae",9,1,"",8.14,0.591779171306814,9.17227598146481,1,3,2,3,3649.15093031398,1.42789720358882,4,0.106974300897204,0.427897203588816
"130",130,"normoc","Mimus polyglottos","Northern Mockingbird","landbird","Passeriformes","Mimidae",9,1,"",48.5,2.57316813268969,19.6313423876845,2,5,2,1,869.852983388996,1.10199842819149,3,0.0254996070478726,0.0764988211436177
"131",131,"norpar","Setophaga americana","Northern Parula","landbird","Passeriformes","Parulidae",9,1,"",7.84,0.573759340792849,6.79592245250219,1,2,2,4,4521.77140720555,1.53022014637379,5,0.132555036593447,0.662775182967235
"132",132,"norwat","Parkesia noveboracensis","Northern Waterthrush","landbird","Passeriformes","Parulidae",8,2,"",16.3,1.04832688318287,7.00772127577127,2,2,1,4,3950.08659593053,1.46318473546582,6,0.115796183866456,0.694777103198733
"133",133,"orcori","Icterus spurius","Orchard Oriole","landbird","Passeriformes","Icteridae",10,1,"",19.44,1.2119969825568,11.9073731942067,2,4,3,2,1526.39391099653,1.17898401534031,6,0.0447460038350766,0.26847602301046
"134",134,"ovenbi1","Seiurus aurocapilla","Ovenbird","landbird","Passeriformes","Parulidae",9,1,"",18.8,1.17904170927504,6.39412916294161,2,1,2,5,9136.1120707346,2.07129490706075,7,0.267823726765188,1.87476608735631
"135",135,"pingro","Pinicola enucleator","Pine Grosbeak","landbird","Passeriformes","Fringillidae",12,1,"",56.4,2.91365502936889,6.40738023382252,3,1,4,5,41.9137829076629,1.00491478451851,16,0.00122869612962779,0.0196591380740446
"136",136,"purfin","Haemorhous purpureus","Purple Finch","landbird","Passeriformes","Fringillidae",8,1,"",23.3,1.40694689213576,16.2978880775988,2,5,2,1,5569.38246442703,1.65306237745553,3,0.163265594363883,0.48979678309165
"137",137,"purmar","Progne subis","Purple Martin","landbird","Passeriformes","Hirundinidae",9,2,"",53.79,2.80215740635771,6.41924051051764,2,1,2,5,2289.18833104482,1.26842882195008,14,0.0671072054875206,0.939500876825289
"138",138,"redcro","Loxia curvirostra","Red Crossbill","landbird","Passeriformes","Fringillidae",9,1,"",38.29,2.11802326324384,7.28003560656026,3,2,2,4,1043.72734181098,1.12238682899084,7,0.0305967072477102,0.214176950733972
"139",139,"reevir1","Vireo olivaceus","Red-eyed Vireo","landbird","Passeriformes","Vireonidae",5,1,"",16.06,1.03559915872486,5.72108935334208,2,1,1,5,3637.93386020322,1.42658189681622,3.5,0.106645474204056,0.373259159714196
"140",140,"rewbla","Agelaius phoeniceus","Red-winged Blackbird","landbird","Passeriformes","Icteridae",8,2,"",50.78,2.67237722429099,10.3239917616341,3,3,2,3,3324.48853144491,1.38982748949931,12,0.0974568723748272,1.16948246849793
"141",141,"robgro","Pheucticus ludovicianus","Rose-breasted Grosbeak","landbird","Passeriformes","Cardinalidae",10,1,"",42,2.2856287192915,7.00274665744455,2,2,3,4,4042.23660241596,1.47399018879971,9,0.118497547199927,1.06647792479934
"142",142,"ruckin","Corthylio calendula","Ruby-crowned Kinglet","landbird","Passeriformes","Regulidae",7,1,"",6.19,0.472299868746161,6.28522349927295,1,1,1,5,1682.07465594288,1.19723904416408,3,0.049309761041019,0.147929283123057
"143",143,"snobun","Plectrophenax nivalis","Snow Bunting","landbird","Passeriformes","Calcariidae",11,1,"",42.2,2.29458788057038,8.21672704055669,2,2,4,4,569.865088920192,1.06682203137892,12,0.0167055078447291,0.200466094136749
"144",144,"sonspa","Melospiza melodia","Song Sparrow","landbird","Passeriformes","Passerellidae",9,1,"",21.91,1.33745482958705,6.40473619668614,3,1,2,5,4752.74972778524,1.55730452280904,8,0.139326130702261,1.11460904561809
"145",145,"swaspa","Melospiza georgiana","Swamp Sparrow","landbird","Passeriformes","Passerellidae",7,2,"",16.1,1.03772276467969,7.01096146501241,2,2,1,4,6152.0857548641,1.72138980848305,6,0.180347452120762,1.08208471272457
"146",146,"swathr","Catharus ustulatus","Swainson's Thrush","landbird","Passeriformes","Turdidae",9,1,"",30.3,1.74673899025168,6.15598275591654,2,1,2,5,2892.83871907704,1.33921249681498,7,0.0848031242037454,0.593621869426218
"147",147,"treswa","Tachycineta bicolor","Tree Swallow","landbird","Passeriformes","Hirundinidae",10,2,"",21.2,1.30166047783322,5.76782385169778,1,1,3,5,30316.6201573367,4.5549083157469,18,0.888727078936726,15.9970874208611
"148",148,"tuftit","Baeolophus bicolor","Tufted Titmouse","landbird","Passeriformes","Paridae",7,1,"",21.6,1.32185188460943,7.86580394042439,2,2,1,4,2857.28681177531,1.33504370193443,3,0.0837609254836072,0.251282776450822
"149",149,"veery","Catharus fuscescens","Veery","landbird","Passeriformes","Turdidae",11,1,"",31.9,1.82234927848972,5.97722755243906,2,1,4,5,14763.6642086258,2.73117822480741,14,0.432794556201853,6.05912378682594
"150",150,"vesspa","Pooecetes gramineus","Vesper Sparrow","landbird","Passeriformes","Passerellidae",11,1,"",25.68,1.52426882506622,6.1411420375907,3,1,4,5,207.698354727053,1.02435458189449,16,0.00608864547362371,0.0974183275779794
"151",151,"whtspa","Zonotrichia albicollis","White-throated Sparrow","landbird","Passeriformes","Passerellidae",9,1,"",24.4,1.46142189308487,6.29079618210358,3,1,2,5,6452.00591522924,1.7565582628361,8,0.189139565709026,1.5131165256722
"152",152,"wlswar","Cardellina pusilla","Wilson's Warbler","landbird","Passeriformes","Parulidae",9,1,"",6.96,0.52017472050815,7.83599524210507,2,2,2,4,238.211547702984,1.02793254021858,6,0.00698313505464548,0.0418988103278729
"153",153,"woothr","Hylocichla mustelina","Wood Thrush","landbird","Passeriformes","Turdidae",14,1,"",50.09,2.64243799672029,10.6375222552562,2,3,5,3,8929.72466585159,2.04709404634223,12.5,0.261773511585557,3.27216889481946
"154",154,"yerwar","Setophaga coronata","Yellow-rumped Warbler","landbird","Passeriformes","Parulidae",8,1,"",11.94,0.811284922185776,8.66767259672109,2,3,2,3,2233.56059288666,1.26190594743642,5,0.0654764868591053,0.327382434295526
"155",155,"yetwar","Setophaga dominica","Yellow-throated Warbler","landbird","Passeriformes","Parulidae",10,1,"",9.69,0.683121644857008,6.04990080708944,1,1,3,5,1558.25832945605,1.1827204175372,9,0.0456801043842994,0.411120939458694
"156",156,"amebit","Botaurus lentiginosus","American Bittern","waterbird","Pelecaniformes","Ardeidae",12,3,"",706,23.3479933215522,8.12551373395527,4,2,4,4,3955.27421215344,1.46379303216757,48,0.115948258041891,5.56551638601079
"157",157,"amwpel","Pelecanus erythrorhynchos","American White Pelican","waterbird","Pelecaniformes","Pelecanidae",10,4,"",5608.48,128.656624639924,9.3790351590453,5,3,3,3,9.67365691018635,1.00113432708578,48,0.000283581771444447,0.0136119250293335
"158",158,"bcnher","Nycticorax nycticorax","Black-crowned Night Heron","waterbird","Pelecaniformes","Ardeidae",10,3,"",810,26.145457956965,12.2576929415593,4,4,3,2,337.266636711876,1.03954767930095,27,0.00988691982523725,0.266946835281406
"159",159,"brnpel","Pelecanus occidentalis","Brown Pelican","waterbird","Pelecaniformes","Pelecanidae",11,4,"",3427.84,85.7724357314917,9.72495254267252,5,3,4,3,89.0205090760508,1.01043849038396,64,0.00260962259598958,0.167015846143333
"160",160,"gloibi","Plegadis falcinellus","Glossy Ibis","waterbird","Pelecaniformes","Threskiornithidae",8,3,"",626.61,21.1634382711624,5.69547228539564,4,1,2,5,2792.0663879111,1.3273959949688,27,0.0818489987422012,2.20992296603943
"161",161,"grbher3","Ardea herodias","Great Blue Heron","waterbird","Pelecaniformes","Ardeidae",8,3,"",2523.41,66.6492712600344,9.97347815353648,4,3,2,3,2322.74822573564,1.27236403465166,21,0.0680910086629143,1.4299111819212
"162",162,"greegr","Ardea alba","Great Egret","waterbird","Pelecaniformes","Ardeidae",6,3,"",871.33,27.765099908228,6.04056068473195,3,1,1,5,223.757104344465,1.02623762104131,12,0.00655940526032789,0.0787128631239346
"163",163,"grnher","Butorides virescens","Green Heron","waterbird","Pelecaniformes","Ardeidae",12,3,"",201.5,8.3143794246338,5.8013129432195,3,1,4,5,2270.96289628455,1.26629171863015,48,0.0665729296575374,3.19550062356179
"164",164,"libher","Egretta caerulea","Little Blue Heron","waterbird","Pelecaniformes","Ardeidae",12,3,"",338.61,12.7487298778885,5.21845201973692,3,1,4,5,132.478775114541,1.01553438004865,48,0.00388359501216261,0.186412560583805
"165",165,"rosspo1","Platalea ajaja","Roseate Spoonbill","waterbird","Pelecaniformes","Threskiornithidae",9,3,"",1490,43.189434257709,6.72765414863592,4,2,3,4,0.876170566159329,1.00010273922408,36,2.56848060196669e-05,0.00092465301670801
"166",166,"triher","Egretta tricolor","Tricolored Heron","waterbird","Pelecaniformes","Ardeidae",12,3,"",372.3,13.7844528507806,5.83770421181828,3,1,4,5,81.5937770063629,1.00956763632911,48,0.00239190908227713,0.114811635949302
"167",167,"whfibi","Plegadis chihi","White-faced Ibis","waterbird","Pelecaniformes","Threskiornithidae",7,3,"",616.89,20.8927209142772,6.02490275392739,4,1,1,5,0.045719340504931,1.00000536102187,13.5,1.34025546802346e-06,1.80934488183168e-05
"168",168,"whiibi","Eudocimus albus","White Ibis","waterbird","Pelecaniformes","Threskiornithidae",9,3,"",889.66,28.245211043077,6.02490275392739,4,1,3,5,61.5469502329587,1.00721695769702,40.5,0.00180423942425403,0.0730716966822883
"169",169,"dowwoo","Dryobates pubescens","Downy Woodpecker","landbird","Piciformes","Picidae",8,1,"",25.55,1.51791160221956,6.01703058642428,2,1,2,5,2483.97131496677,1.29126895537249,7,0.0728172388431234,0.509720671901864
"170",170,"norfli","Colaptes auratus","Northern Flicker","landbird","Piciformes","Picidae",10,1,"",131.46,5.84905951153388,7.11634998015758,3,2,3,4,1693.88531313001,1.19862395459377,10.5,0.0496559886484425,0.521387880808646
"171",171,"rebwoo","Melanerpes carolinus","Red-bellied Woodpecker","landbird","Piciformes","Picidae",7,1,"",69.5,3.46046292816149,8.13361907178522,3,2,1,4,1911.9704986884,1.22419648991134,3.5,0.056049122477834,0.196171928672419
"172",172,"yebsap","Sphyrapicus varius","Yellow-bellied Sapsucker","landbird","Piciformes","Picidae",7,1,"",50.3,2.65155759674416,5.86161437766862,2,1,1,5,5684.88883246373,1.66660658344302,3.5,0.166651645860755,0.583280760512642
"173",173,"horgre","Podiceps auritus","Horned Grebe","waterbird","Podicipediformes","Podicipedidae",13,5,"",453,16.2015257889103,6.34033535458509,5,1,5,5,2996.02108480374,1.35131159783801,125,0.0878278994595016,10.9784874324377
"174",174,"pibgre","Podilymbus podiceps","Pied-billed Grebe","waterbird","Podicipediformes","Podicipedidae",8,5,"",411.93,14.9818749847865,5.90363980656791,5,1,2,5,1111.02970086778,1.13027866240231,50,0.032569665600577,1.62848328002885
"175",175,"rengre","Podiceps grisegena","Red-necked Grebe","waterbird","Podicipediformes","Podicipedidae",9,5,"",1023,31.6877455032652,6.19991022480679,5,1,3,5,218.799663698326,1.02565631458676,75,0.00641407864668889,0.481055898501666
"176",176,"wesgre","Aechmophorus occidentalis","Western Grebe","waterbird","Podicipediformes","Podicipedidae",12,5,"",1136.95,34.5670035600107,7.3634941286965,5,2,4,4,0,0,90,0,0
"177",177,"brdowl","Strix varia","Barred Owl","landbird","Strigiformes","Strigidae",7,1,"",711.49,23.4974045176237,11.1461142865064,3,4,1,2,2560.77022089057,1.30027434805452,2.5,0.0750685870136309,0.187671467534077
"178",178,"brnowl","Tyto alba","Barn Owl","landbird","Strigiformes","Tytonidae",8,1,"",403.32,14.7235204728427,19.71336550486,3,5,2,1,1.95824571779761,1.00022962269377,4,5.74056734420461e-05,0.000229622693768185
"179",179,"easowl1","Megascops asio","Eastern Screech-Owl","landbird","Strigiformes","Strigidae",9,1,"",179.99,7.57628693237343,6.44667683068519,4,1,3,5,8413.35267017921,1.9865445823219,13.5,0.246636145580475,3.32958796533642
"180",180,"grhowl","Bubo virginianus","Great Horned Owl","landbird","Strigiformes","Strigidae",8,1,"",1575.7,45.2249462487669,5.94483857663598,4,1,2,5,748.72746053017,1.08779532355036,9,0.0219488308875902,0.197539477988311
"181",181,"loeowl","Asio otus","Long-eared Owl","landbird","Strigiformes","Strigidae",10,1,"",296.57,11.4302561041937,7.16887987222054,2,2,3,4,1077.6534643329,1.12636498534364,9,0.0315912463359095,0.284321217023185
"182",182,"nswowl","Aegolius acadicus","Northern Saw-whet Owl","landbird","Strigiformes","Strigidae",8,1,"",100.69,4.69589993717738,7.74382237182593,3,2,2,4,13779.2272986703,2.61574375555038,7,0.403935938887596,2.82755157221317
"183",183,"sheowl","Asio flammeus","Short-eared Owl","landbird","Strigiformes","Strigidae",12,1,"",322.61,12.2505435048648,7.84422449393377,3,2,4,4,747.26996486736,1.08762441850141,14,0.0219061046253535,0.306685464754949
"184",184,"snoowl1","Bubo scandiacus","Snowy Owl","landbird","Strigiformes","Strigidae",13,1,"",2028.76,55.6881733879561,8.64446876757899,4,3,5,3,108.119583509237,1.01267803615698,17.5,0.00316950903924448,0.0554664081867783
"185",185,"anhing","Anhinga anhinga","Anhinga","waterbird","Suliformes","Anhingidae",8,3,"",1235,37.003808912079,10.7547197434919,5,3,2,3,6.95962504545877,1.00081608137121,24,0.00020402034280357,0.00489648822728567
"186",186,"doccor","Nannopterum auritum","Double-crested Cormorant","waterbird","Suliformes","Phalacrocoracidae",8,3,"",1806.49,50.6130652207433,7.18806292054423,5,2,2,4,3947.40642184649,1.46287045989389,27,0.115717614973473,3.12437560428376
"187",187,"grecor","Phalacrocorax carbo","Great Cormorant","waterbird","Suliformes","Phalacrocoracidae",10,3,"",2528.97,66.7701809660338,8.65467741052655,5,3,3,3,809.551337257248,1.09492749409084,36,0.02373187352271,0.854347446817559
"188",188,"amewig","Mareca americana","American Wigeon","waterfowl","Anseriformes","Anatidae",10,4,"",754.61,24.6639931077488,6.56068571395832,5,1,3,5,544.303542479312,1.06382470009547,60,0.0159561750238667,0.957370501432004
"189",189,"bargol","Bucephala islandica","Barrow's Goldeneye","waterfowl","Anseriformes","Anatidae",13,5,"""Prefers open water without emergent or dense submerged vegetation.""",921.21,29.0675305422501,10.2768483372431,5,3,5,3,6.95900901038022,1.00081600913532,100,0.000204002283829547,0.0204002283829547
"190",190,"bbwduc","Dendrocygna autumnalis","Black-bellied Whistling-Duck","waterfowl","Anseriformes","Anatidae",8,4,"",755.3,24.6825633710798,9.50701614088028,5,3,2,3,0.969915858726438,1.00011373173968,32,2.84329349204103e-05,0.00090985391745313
"191",191,"blksco2","Melanitta americana","Black Scoter","waterfowl","Anseriformes","Anatidae",13,5,"""Feeds in open water; usually avoids dense aquatic vegetation which is rare in its breeding areas.""",1049.98,32.3743698076666,6.38080023746333,5,1,5,5,2824.22630397167,1.33116704703345,125,0.0827917617583631,10.3489702197954
"192",192,"cacgoo1","Branta hutchinsii","Cackling Goose","waterfowl","Anseriformes","Anatidae",10,4,"",2811.68,72.8587655879555,14.4655916584014,5,5,3,1,12.8291553921388,1.00150433890555,36,0.000376084726387998,0.0135390501499679
"193",193,"canvas","Aythya valisineria","Canvasback","waterfowl","Anseriformes","Anatidae",10,4,"",1202,36.1876206298881,8.24412670675127,5,2,3,4,3821.83966084185,1.4481465783873,54,0.112036644596826,6.04997880822861
"194",194,"cintea","Spatula cyanoptera","Cinnamon Teal","waterfowl","Anseriformes","Anatidae",12,4,"",377.45,13.941286504549,5.30815039530945,5,1,4,5,0,0,80,0,0
"195",195,"fuwduc","Dendrocygna bicolor","Fulvous Whistling-Duck","waterfowl","Anseriformes","Anatidae",9,4,"",756.37,24.7113548156775,5.81003591791667,5,1,3,5,0,0,60,0,0
"196",196,"hoomer","Lophodytes cucullatus","Hooded Merganser","waterfowl","Anseriformes","Anatidae",8,5,"",613.77,20.8056648113409,6.98001477904956,5,2,2,4,15067.8933147521,2.7668519435019,45,0.441712985875476,19.8770843643964
"197",197,"motduc","Anas fulvigula","Mottled Duck","waterfowl","Anseriformes","Anatidae",17,4,"",843.42,27.0306179016566,8.16848177573457,5,2,5,4,2.28923142530952,1.00026843387516,90,6.71084687892933e-05,0.0060397621910364
"198",198,"redhea","Aythya americana","Redhead","waterfowl","Anseriformes","Anatidae",8,4,"",1075.69,33.025780627843,8.37431306958188,5,3,2,3,2485.91735769732,1.29149714715145,32,0.0728742867878624,2.3319771772116
"199",199,"rosgoo","Anser rossii","Ross's Goose","waterfowl","Anseriformes","Anatidae",12,4,"",1635.99,46.6451990651683,10.0774787335599,5,3,4,3,11.4247562514942,1.00133965992228,64,0.000334914980570398,0.0214345587565055
"200",200,"snogoo","Anser caerulescens","Snow Goose","waterfowl","Anseriformes","Anatidae",10,4,"",2636.15,69.0919281369719,8.13361907178522,5,2,3,4,1822.87144966097,1.21374878998077,54,0.0534371974951929,2.88560866474042
"201",201,"sursco","Melanitta perspicillata","Surf Scoter","waterfowl","Anseriformes","Anatidae",11,4,"",1096.33,33.546745316168,6.42055451255225,5,1,4,5,1106.10926943803,1.1297016956258,80,0.0324254239064508,2.59403391251606
"202",202,"truswa","Cygnus buccinator","Trumpeter Swan","waterfowl","Anseriformes","Anatidae",11,4,"",11071.13,225.24231397999,8.03201852340158,5,2,4,4,148.925831392893,1.01746295179676,72,0.00436573794918887,0.314333132341599
"203",203,"whwsco2","Melanitta deglandi","White-winged Scoter","waterfowl","Anseriformes","Anatidae",12,4,"",1800.17,50.4672034180343,6.7161108286663,5,2,4,4,3497.16396842203,1.41007530550418,72,0.102518826376044,7.38135549907517
"204",204,"bkbcuc","Coccyzus erythropthalmus","Black-billed Cuckoo","landbird","Cuculiformes","Cuculidae",12,1,"",50.9,2.67757669320179,6.10207569673346,2,1,4,5,21953.4111132643,3.57424354431762,14,0.643560886079406,9.00985240511169
"205",205,"pacloo","Gavia pacifica","Pacific Loon","waterbird","Gaviiformes","Gaviidae",10,5,"",2251.1,60.6674281099075,8.24931668977823,5,3,3,3,0.0445302459124141,1.00000522158937,60,1.30539734207464e-06,7.83238405244785e-05
"206",206,"sancra","Antigone canadensis","Sandhill Crane","waterbird","Gruiformes","Gruidae",8,3,"",4296.22,103.301110258141,7.34557743247428,5,2,2,4,12.5950271741609,1.00147688517408,27,0.000369221293519154,0.00996897492501717
"207",207,"acafly","Empidonax virescens","Acadian Flycatcher","landbird","Passeriformes","Tyrannidae",10,1,"",12.6,0.848038299053881,7.76926708382865,1,2,3,4,2230.49475704502,1.26154644940295,7.5,0.0653866123507366,0.490399592630525
"208",208,"aldfly","Empidonax alnorum","Alder Flycatcher","landbird","Passeriformes","Tyrannidae",8,1,"",12.7,0.853576959604265,6.14857501682379,1,1,2,5,3845.16015552117,1.45088112531346,6,0.112720281328366,0.676321687970197
"209",209,"belvir","Vireo bellii","Bell's Vireo","landbird","Passeriformes","Vireonidae",10,1,"",8.5,0.613249140000994,6.65635185529436,2,1,3,5,0,0,10.5,0,0
"210",210,"blugrb1","Passerina caerulea","Blue Grosbeak","landbird","Passeriformes","Cardinalidae",7,1,"",27.39,1.60737453799603,6.57301371931635,2,1,1,5,592.334132064234,1.06945673761942,3.5,0.017364184404856,0.0607746454169959
"211",211,"bnhnut","Sitta pusilla","Brown-headed Nuthatch","landbird","Passeriformes","Sittidae",13,1,"",10.2,0.712594783904459,7.86950771558461,2,2,5,4,369.356251878217,1.04331048792579,15,0.0108276219814466,0.162414329721699
"212",212,"brncre","Certhia americana","Brown Creeper","landbird","Passeriformes","Certhiidae",8,1,"",8.1,0.589383390433892,6.01860734269289,1,1,2,5,3044.14369559851,1.35695442571268,6,0.0892386064281705,0.535431638569023
"213",213,"carwre","Thryothorus ludovicianus","Carolina Wren","landbird","Passeriformes","Troglodytidae",7,1,"",18.96,1.18729884172231,6.87287898639474,2,2,1,4,2179.57148684441,1.25557521792128,3,0.0638938044803203,0.191681413440961
"214",214,"dickci","Spiza americana","Dickcissel","landbird","Passeriformes","Cardinalidae",10,1,"",26.18,1.54866706478032,9.24922187490086,2,3,3,3,45.3698831463691,1.00532004471621,7.5,0.00133001117905339,0.00997508384290044
"215",215,"easkin","Tyrannus tyrannus","Eastern Kingbird","landbird","Passeriformes","Tyrannidae",11,2,"",39.85,2.18883305519849,7.20710275328945,1,2,4,4,1398.98431159721,1.16404404373199,20,0.0410110109329984,0.820220218659967
"216",216,"eawpew","Contopus virens","Eastern Wood-Pewee","landbird","Passeriformes","Tyrannidae",9,1,"",13.9,0.919460285603973,5.70282458101409,1,1,3,5,2763.95170904967,1.32409928494109,9,0.0810248212352732,0.729223391117458
"217",217,"grcfly","Myiarchus crinitus","Great Crested Flycatcher","landbird","Passeriformes","Tyrannidae",8,1,"",32.1,1.83175288251093,6.1411420375907,1,1,2,5,2635.04098755601,1.30898329267519,6,0.0772458231687964,0.463474939012778
"218",218,"horlar","Eremophila alpestris","Horned Lark","landbird","Passeriformes","Alaudidae",9,1,"",33.33,1.88936061024788,6.2768382726437,2,1,3,5,310.511363797148,1.03641037238214,10.5,0.00910259309553395,0.0955772275031065
"219",219,"leafly","Empidonax minimus","Least Flycatcher","landbird","Passeriformes","Tyrannidae",11,1,"",10,0.701068420207434,5.69363002545174,1,1,4,5,2127.09013762356,1.24942128704777,12,0.0623553217619419,0.748263861143303
"220",220,"marwre","Cistothorus palustris","Marsh Wren","landbird","Passeriformes","Troglodytidae",7,2,"",10.8,0.746938490925969,8.79902944641275,2,3,1,3,1501.07635264186,1.17601529395044,5,0.044003823487611,0.220019117438055
"221",221,"norcar","Cardinalis cardinalis","Northern Cardinal","landbird","Passeriformes","Cardinalidae",6,1,"",42.64,2.31427172481778,9.10081924164898,2,3,1,3,1441.9736116469,1.169084942732,2.5,0.0422712356830007,0.105678089207502
"222",222,"olsfly","Contopus cooperi","Olive-sided Flycatcher","landbird","Passeriformes","Tyrannidae",13,1,"",32.1,1.83175288251093,5.64701740629708,1,1,5,5,279.289516749235,1.0327493177155,15,0.00818732942887532,0.12280994143313
"223",223,"phivir","Vireo philadelphicus","Philadelphia Vireo","landbird","Passeriformes","Vireonidae",9,1,"",11.5,0.78658385203042,9.9237776077781,2,3,3,3,3151.17432776592,1.36950477210212,7.5,0.0923761930255298,0.692821447691473
"224",224,"rebnut","Sitta canadensis","Red-breasted Nuthatch","landbird","Passeriformes","Sittidae",7,1,"",9.8,0.689501293395025,6.84013152869038,2,2,1,4,1245.56437505292,1.14605411591708,3,0.03651352897927,0.10954058693781
"225",225,"scatan","Piranga olivacea","Scarlet Tanager","landbird","Passeriformes","Cardinalidae",12,1,"",28.2,1.64641826823033,6.77214800032371,2,2,4,4,7877.20978254499,1.92367679561652,12,0.230919198904131,2.77103038684957
"226",226,"sedwre1","Cistothorus stellaris","Sedge Wren","landbird","Passeriformes","Troglodytidae",9,1,"",9.04,0.645156597898029,8.16848177573457,2,2,3,4,23.9249868018794,1.0028054293023,9,0.000701357325575368,0.00631221593017831
"227",227,"sumtan","Piranga rubra","Summer Tanager","landbird","Passeriformes","Cardinalidae",8,1,"",29.13,1.69100313637401,7.16309664942319,2,2,2,4,521.484679174926,1.06114897415716,6,0.0152872435392911,0.0917234612357465
"228",228,"warvir","Vireo gilvus","Warbling Vireo","landbird","Passeriformes","Vireonidae",8,1,"",12.67,0.851916172367224,5.88693101563239,2,1,2,5,1532.2109170283,1.17966611390564,7,0.04491652847641,0.31441569933487
"229",229,"whbnut","Sitta carolinensis","White-breasted Nuthatch","landbird","Passeriformes","Sittidae",6,1,"",21,1.29153960915151,7.10057371261168,2,2,1,4,2928.06857898715,1.34334352861559,3,0.0858358821538986,0.257507646461696
"230",230,"whevir","Vireo griseus","White-eyed Vireo","landbird","Passeriformes","Vireonidae",7,1,"",11.4,0.780946896017872,6.0653779563597,2,1,1,5,819.34579787151,1.09607598654499,3.5,0.0240189966362463,0.0840664882268621
"231",231,"wilfly","Empidonax traillii","Willow Flycatcher","landbird","Passeriformes","Tyrannidae",10,1,"",13.39,0.891587776792001,6.24297759443162,1,1,3,5,3483.85556438689,1.40851477019621,9,0.102128692549051,0.919158232941463
"232",232,"winwre3","Troglodytes hiemalis","Winter Wren","landbird","Passeriformes","Troglodytidae",12,1,"",9.74,0.686023061079328,9.46768164638624,2,3,4,3,9509.87284505609,2.11512186659119,10,0.278780466647799,2.78780466647799
"233",233,"yebfly","Empidonax flaviventris","Yellow-bellied Flycatcher","landbird","Passeriformes","Tyrannidae",10,1,"",11.8,0.803443198751618,6.40738023382252,1,1,3,5,1724.39200338582,1.20220115041288,9,0.0505502876032193,0.454952588428974
"234",234,"yetvir","Vireo flavifrons","Yellow-throated Vireo","landbird","Passeriformes","Vireonidae",10,1,"",18,1.13756730999887,6.28382815039792,2,1,3,5,3037.55563320295,1.35618191355027,10.5,0.0890454783875686,0.93497752306947
"235",235,"clagre","Aechmophorus clarkii","Clark's Grebe","waterbird","Podicipediformes","Podicipedidae",11,5,"",1090.93,33.4106149139689,5.6089308375772,5,1,4,5,0,0,100,0,0
"236",236,"leagre","Tachybaptus dominicus","Least Grebe","waterbird","Podicipediformes","Podicipedidae",8,5,"",132.59,5.89043142054248,6.60961195121695,5,1,2,5,0,0,50,0,0
"237",237,"neocor","Nannopterum brasilianum","Neotropic Cormorant","waterbird","Suliformes","Phalacrocoracidae",6,3,"",1239.29,37.1096287181517,7.51104703829584,5,2,1,4,0,0,13.5,0,0
"238",238,"baleag","Haliaeetus leucocephalus","Bald Eagle","landbird","Accipitriformes","Accipitridae",9,3,"",4700.58,111.243573649124,9.35092819125451,3.6,3,3,3,867.682292367825,1.10174389429154,29.7,0.025435973572884,0.755448415114655
"239",239,"miskit","Ictinia mississippiensis","Mississippi Kite","landbird","Accipitriformes","Accipitridae",9,1,"",276.03,10.7742419622309,5.98684844440077,3.6,1,3,5,82.6701279868345,1.00969384858599,12.9,0.00242346214649803,0.0312626616898246
"240",240,"swtkit","Elanoides forficatus","Swallow-tailed Kite","landbird","Accipitriformes","Accipitridae",10,1,"",416.24,15.1108434795203,8.55453630640845,3.6,3,3,3,0.560148403640695,1.00006568265881,9.9,1.64206647032252e-05,0.000162564580561929
"241",241,"easwpw1","Antrostomus vociferus","Eastern Whip-poor-will","landbird","Caprimulgiformes","Caprimulgidae",14,1,"",53.3,2.78111959854873,6.8136117380926,1.75,2,5,4,10367.5706647722,2.21569498773343,14.375,0.303923746933357,4.36890386216701
"242",242,"ameavo","Recurvirostra americana","American Avocet","shorebird","Charadriiformes","Recurvirostridae",11,3,"",304.48,11.6807259937342,9.21096890533718,3.5,3,4,3,47.1175109614634,1.00552497048368,39,0.00138124262091982,0.0538684622158731
"243",243,"amgplo","Pluvialis dominica","American Golden-Plover","shorebird","Charadriiformes","Charadriidae",15,3,"",151.47,6.5729210089131,8.76424974524023,3.22222222222222,3,5,3,478.219584608039,1.05607573566095,46.6666666666667,0.0140189339152367,0.65421691604438
"244",244,"baisan","Calidris bairdii","Baird's Sandpiper","shorebird","Charadriiformes","Scolopacidae",13,3,"",40.97,2.23936880409017,5.30815039530945,3.53571428571429,1,5,5,3.62510533355037,1.00042507763164,64.0178571428572,0.000106269407909064,0.00680313977417847
"245",245,"bongul","Chroicocephalus philadelphia","Bonaparte's Gull","waterbird","Charadriiformes","Laridae",10,3,"",210.71,8.62609105613085,9.60423961300555,3.11428571428571,3,3,3,3317.47180110116,1.38900471199578,27.5142857142857,0.0972511779989461,2.67579669751386
"246",246,"bubsan","Calidris subruficollis","Buff-breasted Sandpiper","shorebird","Charadriiformes","Scolopacidae",15,3,"",62.1,3.15406534929619,7.21373332341477,3.53571428571429,2,5,4,77.2254428545485,1.00905540814135,56.5178571428572,0.00226385203533675,0.127948065925729
"247",247,"glagul","Larus hyperboreus","Glaucous Gull","waterbird","Charadriiformes","Laridae",13,3,"",1529.04,44.1191903898796,7.89603097944496,3.11428571428571,2,5,4,30.490088124633,1.00357524906337,53.3571428571428,0.000893812265842926,0.0476912687560475
"248",248,"hudgod","Limosa haemastica","Hudsonian Godwit","shorebird","Charadriiformes","Scolopacidae",17,3,"",253.29,10.0378040451043,5.86161437766862,3.53571428571429,1,5,5,27.0267066526256,1.00316913507271,64.0178571428572,0.000792283768177733,0.0507203090878067
"249",249,"leasan","Calidris minutilla","Least Sandpiper","shorebird","Charadriiformes","Scolopacidae",11,3,"",22.88,1.38602844280489,8.7751601749458,3.53571428571429,3,4,3,1316.76612034475,1.15440318897074,39.2142857142857,0.0386007972426844,1.51370269187384
"250",250,"lesyel","Tringa flavipes","Lesser Yellowlegs","shorebird","Charadriiformes","Scolopacidae",13,3,"",77.5,3.78529409848396,7.39102454089929,3.53571428571429,2,5,4,396.86988059779,1.04653671918191,56.5178571428572,0.0116341797954771,0.65753891165509
"251",251,"lobcur","Numenius americanus","Long-billed Curlew","shorebird","Charadriiformes","Scolopacidae",12,3,"",583.86,19.967063084749,7.96341122879631,3.53571428571429,2,4,4,0,0,45.2142857142857,0,0
"252",252,"lobdow","Limnodromus scolopaceus","Long-billed Dowitcher","shorebird","Charadriiformes","Scolopacidae",14,3,"",104.4,4.83792832860643,6.81805192482011,3.53571428571429,2,5,4,5.32512807957109,1.00062442125785,56.5178571428572,0.000156105314463158,0.00882273786206954
"253",253,"margod","Limosa fedoa","Marbled Godwit","shorebird","Charadriiformes","Scolopacidae",15,3,"",357.02,13.3168480151251,8.045960816684,3.53571428571429,2,5,4,43.0992088092661,1.00505378683386,56.5178571428572,0.00126344670846409,0.0714073005765865
"254",254,"pipplo","Charadrius melodus","Piping Plover","shorebird","Charadriiformes","Charadriidae",16,3,"",54.39,2.8278719925792,7.11044543731512,3.22222222222222,2,5,4,7047.90419206156,1.82643292988858,54.1666666666667,0.206608232472146,11.1912792589079
"255",255,"pursan","Calidris maritima","Purple Sandpiper","shorebird","Charadriiformes","Scolopacidae",12,3,"",65.1,3.27901710223777,5.83770421181828,3.53571428571429,1,5,5,1723.69971541668,1.20211997314953,64.0178571428572,0.0505299932873819,3.23482189170115
"256",256,"ribgul","Larus delawarensis","Ring-billed Gull","waterbird","Charadriiformes","Laridae",8,3,"",516.31,18.0443327593111,7.32753671202485,3.11428571428571,2,2,4,5719.74785263736,1.67069413080321,21.3428571428571,0.167673532700803,3.57863225507142
"257",257,"rocsan","Calidris ptilocnemis","Rock Sandpiper","shorebird","Charadriiformes","Scolopacidae",15,3,"",81.32,3.93828546579458,7.3634941286965,3.53571428571429,2,5,4,0,0,56.5178571428572,0,0
"258",258,"sabgul","Xema sabini","Sabine's Gull","waterbird","Charadriiformes","Laridae",12,3,"",198,8.19526734981109,8.15512272452514,3.11428571428571,2,5,4,17.6674901450132,1.002071679076,53.3571428571428,0.000517919768999088,0.0276347191030228
"259",259,"semsan","Calidris pusilla","Semipalmated Sandpiper","shorebird","Charadriiformes","Scolopacidae",14,3,"",27.5,1.61268860714008,7.70481484523542,3.53571428571429,2,5,4,2201.1408063541,1.25810442311936,56.5178571428572,0.064526105779839,3.64687722844983
"260",260,"snoplo5","Anarhynchus nivosus","Snowy Plover","shorebird","Charadriiformes","Charadriidae",14,3,"",45.25,2.43031054208509,6.40341302363124,3.22222222222222,1,5,5,0,0,61.6666666666667,0,0
"261",261,"stisan","Calidris himantopus","Stilt Sandpiper","shorebird","Charadriiformes","Scolopacidae",15,3,"",57.24,2.94934396513959,7.3093699265251,3.53571428571429,2,5,4,36.3234548532794,1.004259266074,56.5178571428572,0.00106481651850075,0.0601811478759801
"262",262,"uplsan","Bartramia longicauda","Upland Sandpiper","shorebird","Charadriiformes","Scolopacidae",11,1,"",158.92,6.83801361493086,7.88132689876944,3.53571428571429,2,4,4,43.104701018787,1.00505443084698,15.0714285714286,0.00126360771174543,0.0190443733698775
"263",263,"wantat1","Tringa incana","Wandering Tattler","shorebird","Charadriiformes","Scolopacidae",14,3,"",108.24,4.98399842605632,6.22871492894525,3.53571428571429,1,5,5,0,0,64.0178571428572,0,0
"264",264,"wessan","Calidris mauri","Western Sandpiper","shorebird","Charadriiformes","Scolopacidae",14,3,"",27.82,1.6281264560389,7.60233550562372,3.53571428571429,2,5,4,19.523891892405,1.00228935960816,56.5178571428572,0.000572339902039324,0.0323474248206154
"265",265,"wilpha","Phalaropus tricolor","Wilson's Phalarope","shorebird","Charadriiformes","Scolopacidae",11,3,"",59.39,3.04027377792071,7.93173342281728,3.53571428571429,2,4,4,1.22971653298191,1.00014419580766,45.2142857142857,3.60489519150019e-05,0.00162992761158544
"266",266,"wilsni1","Gallinago delicata","Wilson's Snipe","shorebird","Charadriiformes","Scolopacidae",9,3,"",112.5,5.14497945898364,6.49677397348166,3.53571428571429,1,3,5,1376.70311213466,1.16143136392655,38.4107142857143,0.0403578409816387,1.55017349913401
"267",267,"sprgro","Canachites canadensis","Spruce Grouse","landbird","Galliformes","Phasianidae",8,1,"",473.65,16.8073141143256,5.97722755243906,4.94444444444444,1,2,5,4.59699639721646,1.00053904098264,9.94444444444444,0.000134760245659909,0.00134011577628465
"268",268,"comgal1","Gallinula galeata","Common Gallinule","waterbird","Gruiformes","Rallidae",8,3,"",383,14.1098792513006,5.47366179996479,4,1,2,5,31.8510160554626,1.0037348306392,27,0.000933707659799527,0.0252101068145872
"269",269,"purgal2","Porphyrio martinica","Purple Gallinule","waterbird","Gruiformes","Rallidae",11,3,"",235.06,9.43897783540829,6.59260402167033,4,1,4,5,0.803651846016528,1.00009423572336,54,2.35589308401033e-05,0.00127218226536558
"270",270,"amepip","Anthus rubescens","American Pipit","landbird","Passeriformes","Motacillidae",9,2,"Tricky one, hang out on shorelines but not as important for habitat as for other species.",20.68,1.27531072230924,9.17802617522145,1.88888888888889,3,3,3,2366.37510096522,1.27747969532685,14.6666666666667,0.069369923831713,1.01742554953179
"271",271,"babwar","Setophaga castanea","Bay-breasted Warbler","landbird","Passeriformes","Parulidae",10,1,"",11.8,0.803443198751618,7.64202430772634,1.47058823529412,2,3,4,5752.79725040714,1.67456948294842,8.20588235294118,0.168642370737105,1.38385945398977
"272",272,"balori","Icterus galbula","Baltimore Oriole","landbird","Passeriformes","Icteridae",11,1,"",32.83,1.86598888878718,6.28522349927295,3,1,4,5,3536.25848679525,1.41465950478971,16,0.103664876197428,1.65863801915884
"273",273,"bicthr","Catharus bicknelli","Bicknell's Thrush","landbird","Passeriformes","Turdidae",17,1,"",27.79,1.62668049437415,6.1411420375907,2.64285714285714,1,5,5,20090.9553814485,3.35585312565019,19.1071428571429,0.588963281412548,11.2534055555612
"274",274,"bkbwar","Setophaga fusca","Blackburnian Warbler","landbird","Passeriformes","Parulidae",10,1,"",9.74,0.686023061079328,6.30466734593538,1.47058823529412,1,3,5,4584.2742260084,1.537549188634,9.70588235294118,0.1343872971585,1.30434729595014
"275",275,"boboli","Dolichonyx oryzivorus","Bobolink","landbird","Passeriformes","Icteridae",14,1,"",31.46,1.8016245913263,7.02017081297649,3,2,5,4,10206.8176967284,2.19684519313514,17.5,0.299211298283785,5.23619771996623
"276",276,"botgra","Quiscalus major","Boat-tailed Grackle","landbird","Passeriformes","Icteridae",13,1,"",151.21,6.56362847543588,5.96917666945225,3,1,5,5,270.604530424083,1.03173092153713,20,0.00793273038428194,0.158654607685639
"277",277,"buggna","Polioptila caerulea","Blue-gray Gnatcatcher","landbird","Passeriformes","Polioptilidae",8,1,"",5.8,0.447655115090837,13.2198442849125,2,4,2,2,1530.6478563625,1.17948283036908,4,0.0448707075922712,0.179482830369085
"278",278,"buwwar","Vermivora cyanoptera","Blue-winged Warbler","landbird","Passeriformes","Parulidae",14,1,"",8.9,0.636917404457494,22.7474191663943,1.47058823529412,5,5,1,19588.9543195522,3.29698878852463,6.1764705882353,0.574247197131157,3.54682092345715
"279",279,"canwar","Cardellina canadensis","Canada Warbler","landbird","Passeriformes","Parulidae",13,1,"",10.04,0.703376923368068,13.704261368152,1.47058823529412,4,5,2,9415.05501978842,2.1040035864605,8.6764705882353,0.276000896615126,2.39471366180771
"280",280,"carchi","Poecile carolinensis","Carolina Chickadee","landbird","Passeriformes","Paridae",9,1,"",9.99,0.700491039968557,19.9956247223897,1.44444444444444,5,3,1,1343.40755663196,1.15752714747631,3.66666666666666,0.0393817868690786,0.144399885186621
"281",281,"cerwar","Setophaga cerulea","Cerulean Warbler","landbird","Passeriformes","Parulidae",14,1,"",9.04,0.645156597898029,11.1298481979015,1.47058823529412,4,5,2,3603.10504256125,1.4224978909864,8.6764705882353,0.1056244727466,0.91644763118374
"282",282,"clcspa","Spizella pallida","Clay-colored Sparrow","landbird","Passeriformes","Passerellidae",10,1,"",11.2,0.769646690038204,12.8132364176758,2.41666666666667,4,3,2,10.3775817539573,1.00121686888192,6.625,0.000304217220480285,0.00201543908568189
"283",283,"cliswa","Petrochelidon pyrrhonota","Cliff Swallow","landbird","Passeriformes","Hirundinidae",5,2,"",21.6,1.32185188460943,18.4542286067126,1.25,5,1,1,44.2709368803112,1.00519118294998,2.25,0.00129779573749449,0.0029200404093626
"284",284,"comred","Acanthis flammea","Common Redpoll","landbird","Passeriformes","Fringillidae",9,1,"",13,0.870147069450102,13.9687236450601,2.125,4,3,2,130.609295313757,1.01531516599196,6.1875,0.00382879149798923,0.0236906473938084
"285",285,"evegro","Coccothraustes vespertinus","Evening Grosbeak","landbird","Passeriformes","Fringillidae",14,1,"",57.3,2.95188962316237,9.51969389760107,2.125,3,5,3,974.046724766725,1.11421612250405,12.8125,0.0285540306260137,0.3658485173958
"286",286,"gowwar","Vermivora chrysoptera","Golden-winged Warbler","landbird","Passeriformes","Parulidae",15,1,"",8.74,0.627473107492301,7.62372909477953,1.47058823529412,2,5,4,475.508461922639,1.05575783107497,13.6764705882353,0.0139394577687425,0.190642584190155
"287",287,"gryjay","Perisoreus canadensis","Canada Jay","landbird","Passeriformes","Corvidae",9,1,"",71.58,3.54552591434759,10.9058121155498,3.13333333333333,4,3,2,8.24253005469725,1.00096651402703,7.7,0.000241628506757753,0.0018605395020347
"288",288,"henspa","Centronyx henslowii","Henslow's Sparrow","landbird","Passeriformes","Passerellidae",15,1,"",12.8,0.859107927949012,12.745200813167,2.41666666666667,4,5,2,519.088802936919,1.06086803517657,11.0416666666667,0.0152170087941431,0.168021138768664
"289",289,"hoared","Acanthis hornemanni","Hoary Redpoll","landbird","Passeriformes","Fringillidae",9,1,"",15.2,0.989711120931796,16.0759458519739,2.125,5,3,1,6.24020294912063,1.00073172237672,4.6875,0.0001829305941811,0.000857487160223906
"290",290,"houfin","Haemorhous mexicanus","House Finch","landbird","Passeriformes","Fringillidae",6,1,"",21.4,1.31176450798651,11.1698672890243,2.125,4,1,2,866.446151041227,1.10159894511651,2.0625,0.0253997362791277,0.0523869560757008
"291",291,"kenwar","Geothlypis formosa","Kentucky Warbler","landbird","Passeriformes","Parulidae",14,1,"",14,0.924904137517364,11.1801041031075,1.47058823529412,4,5,2,397.230690874871,1.04657902757406,8.6764705882353,0.0116447568935156,0.101035390693739
"292",292,"logshr","Lanius ludovicianus","Loggerhead Shrike","landbird","Passeriformes","Laniidae",11,1,"",51.59,2.70743184452654,12.760883892981,2.2,4,4,2,2.14225000156434,1.00025119892341,8.4,6.27997308526403e-05,0.000527517739162179
"293",293,"mouwar","Geothlypis philadelphia","Mourning Warbler","landbird","Passeriformes","Parulidae",12,1,"",11.74,0.800077441267508,14.0450897479905,1.47058823529412,5,5,1,3858.52895268684,1.45244874228294,6.1764705882353,0.113112185570735,0.69863408734866
"294",294,"naswar","Leiothlypis ruficapilla","Nashville Warbler","landbird","Passeriformes","Parulidae",11,1,"",8.09,0.588784119267649,13.0989871819224,1.47058823529412,4,4,2,1611.33822705568,1.1889445338271,6.94117647058824,0.0472361334567738,0.327874338111724
"295",295,"norshr4","Lanius borealis","Northern Shrike","landbird","Passeriformes","Laniidae",13,1,"",67.5,3.37824685990858,9.55176948642477,2.2,3,5,3,288.659601939526,1.03384804816729,13,0.00846201204182286,0.110006156543697
"296",296,"nrwswa","Stelgidopteryx serripennis","Northern Rough-winged Swallow","landbird","Passeriformes","Hirundinidae",9,2,"",15.69,1.01591117677029,7.35693842671238,1.25,2,3,4,1405.16980390521,1.16476935077244,15.75,0.0411923376931104,0.648779318666488
"297",297,"orcwar","Leiothlypis celata","Orange-crowned Warbler","landbird","Passeriformes","Parulidae",8,1,"",9.19,0.653959357318365,9.30483472718979,1.47058823529412,3,2,3,92.1927260561713,1.01081046260459,4.47058823529412,0.00270261565114759,0.0120822817345422
"298",298,"palwar","Setophaga palmarum","Palm Warbler","landbird","Passeriformes","Parulidae",10,1,"",10.3,0.718342974535144,11.2980056850722,1.47058823529412,4,3,2,6854.68874918156,1.80377660536889,5.20588235294118,0.200944151342223,1.04609161139922
"299",299,"pinsis","Spinus pinus","Pine Siskin","landbird","Passeriformes","Fringillidae",10,1,"",12.7,0.853576959604265,13.8560943828697,2.125,4,3,2,1335.35073705963,1.15658240974673,6.1875,0.0391456024366822,0.242213415076971
"300",300,"pinwar","Setophaga pinus","Pine Warbler","landbird","Passeriformes","Parulidae",8,1,"",11.79,0.802882449332409,9.5611495841833,1.47058823529412,3,2,3,4412.29928296669,1.51738351211906,4.47058823529412,0.129345878029765,0.578252160603656
"301",301,"prawar","Setophaga discolor","Prairie Warbler","landbird","Passeriformes","Parulidae",14,1,"",7.64,0.561678604836716,9.63597801096758,1.47058823529412,3,5,3,7686.12648913309,1.90127048563787,11.1764705882353,0.225317621409468,2.51825576869406
"302",302,"prowar","Protonotaria citrea","Prothonotary Warbler","landbird","Passeriformes","Parulidae",14,1,"",14.3,0.941194767688085,8.78490881922721,1.47058823529412,3,5,3,1233.3937270299,1.1446269931824,11.1764705882353,0.0361567482956011,0.404104833892012
"303",303,"rusbla","Euphagus carolinus","Rusty Blackbird","landbird","Passeriformes","Icteridae",12,1,"",59.57,3.04785988565676,14.2039300315689,3,5,5,1,4521.11883712902,1.5301436264062,10,0.132535906601551,1.32535906601551
"304",304,"savspa","Passerculus sandwichensis","Savannah Sparrow","landbird","Passeriformes","Passerellidae",10,1,"",19.97,1.23914319109223,11.2836061758187,2.41666666666667,4,4,2,1648.95531807468,1.19335549088575,8.83333333333334,0.0483388727214383,0.426993375706039
"305",305,"swawar","Limnothlypis swainsonii","Swainson's Warbler","landbird","Passeriformes","Parulidae",13,1,"",18.9,1.18420386381394,8.17918726033606,1.47058823529412,2,5,4,454.358506932472,1.05327780030366,13.6764705882353,0.0133194500759158,0.182163067214731
"306",306,"tenwar","Leiothlypis peregrina","Tennessee Warbler","landbird","Passeriformes","Parulidae",10,1,"",8.9,0.636917404457494,11.0062338001606,1.47058823529412,4,4,2,1738.80976587347,1.20389176841369,6.94117647058824,0.0509729421034226,0.353812186364933
"307",307,"whcspa","Zonotrichia leucophrys","White-crowned Sparrow","landbird","Passeriformes","Passerellidae",9,1,"",28,1.63679645929715,13.9667837218742,2.41666666666667,4,3,2,194.409060120394,1.02279628734641,6.625,0.00569907183660179,0.0377563509174869
"308",308,"whwcro","Loxia leucoptera","White-winged Crossbill","landbird","Passeriformes","Fringillidae",6,1,"",28.69,1.66994103219264,14.3584608602521,2.125,5,1,1,113.017393818009,1.01325235039469,1.5625,0.00331308759867197,0.00517669937292496
"309",309,"woewar1","Helmitheros vermivorum","Worm-eating Warbler","landbird","Passeriformes","Parulidae",13,1,"",14.16,0.933600057870425,25.8033996661514,1.47058823529412,5,5,1,6345.9994418688,1.74412800868124,6.1764705882353,0.186032002170311,1.14902118987545
"310",310,"yebcha","Icteria virens","Yellow-breasted Chat","landbird","Passeriformes","Icteriidae",10,1,"",24.89,1.48554763529947,22.2391225671026,3,5,4,1,567.548029008494,1.06655033435249,8,0.0166375835881214,0.133100668704971
"311",311,"yelwar","Setophaga petechia","Yellow Warbler","landbird","Passeriformes","Parulidae",8,1,"",10.8,0.746938490925969,18.0033486545692,1.47058823529412,5,2,1,1843.53605538366,1.21617190899417,2.47058823529412,0.0540429772485425,0.133517943790517
"312",312,"categr","Bubulcus ibis/coromandus","Western/Eastern Cattle Egret","waterbird","Pelecaniformes","Ardeidae",9,3,"",365.95,13.5905469556063,31.776536362935,3.4,5,3,1,11.7754056116528,1.00138077685154,19.8,0.000345194212884801,0.00683484541511905
"313",313,"leabit","Ixobrychus exilis","Least Bittern","waterbird","Pelecaniformes","Ardeidae",10,3,"",86.29,4.13545294516568,20.5187212626884,3.4,5,4,1,873.876252177016,1.10247019422599,26.4,0.0256175485564971,0.676303281891524
"314",314,"redegr","Egretta rufescens","Reddish Egret","waterbird","Pelecaniformes","Ardeidae",15,3,"",614,20.8120850709167,15.4628668312486,3.4,5,5,1,0,0,33,0,0
"315",315,"snoegr","Egretta thula","Snowy Egret","waterbird","Pelecaniformes","Ardeidae",7,3,"",371,13.7448034149815,20.9759816608004,3.4,5,1,1,155.239157457719,1.01820324854525,6.6,0.00455081213631294,0.0300353600996654
"316",316,"ycnher","Nyctanassa violacea","Yellow-crowned Night Heron","waterbird","Pelecaniformes","Ardeidae",12,3,"",681.67,22.6833524010173,33.9508104590429,3.4,5,5,1,593.713593242054,1.06961849239244,33,0.0174046230981109,0.574352562237661
"317",317,"bkbwoo","Picoides arcticus","Black-backed Woodpecker","landbird","Piciformes","Picidae",8,1,"",69.24,3.44979869865631,15.1579033928373,2.45454545454545,5,2,1,116.08199902456,1.01361170412465,3.45454545454545,0.00340292603116138,0.0117555626531029
"318",318,"haiwoo","Dryobates villosus","Hairy Woodpecker","landbird","Piciformes","Picidae",6,1,"",62.65,3.17705151547881,16.7453440325551,2.45454545454545,5,1,1,1473.25452662398,1.17275292366784,1.72727272727273,0.0431882309169605,0.0745978534020225
"319",319,"pilwoo","Dryocopus pileatus","Pileated Woodpecker","landbird","Piciformes","Picidae",7,1,"",286.59,11.1125485221932,18.2876282968197,2.45454545454545,5,1,1,1532.14556332881,1.17965845057086,1.72727272727273,0.044914612642714,0.0775797854737786
"320",320,"rehwoo","Melanerpes erythrocephalus","Red-headed Woodpecker","landbird","Piciformes","Picidae",12,1,"",71.6,3.54634169129576,15.1716749066463,2.45454545454545,5,5,1,1108.24965437873,1.12995267585332,8.63636363636363,0.0324881689633297,0.280579641046938
