﻿Species,N (mass),Mass (kg),N (b),b: Wingspan (m),N (S),S: Wing area (m2)
Cygnus olor,115,10.597,21,2.3,9,0.6504
Cygnus columbianus,167,6.637,12,1.98,11,0.4608
Cygnus cygnus,25,8.689,19,2.29,18,0.6045
Anser fabalis,127,3.035,1,1.62,1,0.2675
Anser albifrons,169,2.582,1,1.41,1,0.1835
Anser anser,176,3.326,7,1.55,6,0.3079
Branta canadensis,395,3.628,4,1.69,4,0.3717
Branta leucopsis,620,1.705,1,1.08,1,0.115
Branta bernicla,792,1.306,3,1.01,3,0.1129
Anas penelope,77,0.783,11,0.82,11,0.0814
Anas crecca,281,0.348,6,0.59,5,0.0428
Anas platyrhynchos,5871,1.082,24,0.88,24,0.1062
Anas acuta,294,1.024,2,0.9,2,0.0879
Aythya ferina,322,0.823,1,0.77,1,0.0615
Aythya fuligula,1044,0.694,1,0.71,1,0.0474
Aythya marila,27,0.931,1,0.82,71,0.0621
Somateria mollissima,56,2.015,2,0.98,2,0.131
Somateria spectabilis,183,1.591,1,0.93,1,0.108
Clangula hyemalis,1299,0.874,2,0.71,2,0.0669
Melanitta nigra,13,0.99,1,0.85,1,0.0679
Melanitta fusca,13,1.743,1,0.97,1,0.101
Bucephala clangula,113,0.901,2,0.7,2,0.0598
Mergus serrator,37,1.004,2,0.87,2,0.0678
Mergus merganser,26,1.489,2,0.93,2,0.0767
Phoenicopterus ruber,26,3.053,1,1.53,1,0.2715
Columba oenas,20,0.295,1,0.75,1,0.0532
Columba palumbus,522,0.49,3,0.75,3,0.0842
Apus apus,230,0.038,14,0.4,13,0.0168
Apus pallidus,661,0.042,1,0.44,1,0.0263
Apus melba,13,0.078,1,0.57,1,0.0304
Haematopus ostralegus,293,0.523,6,0.82,4,0.081
Charadrius hiaticula,84,0.064,9,0.41,9,0.0179
Pluvialis squatarola,37,0.219,6,0.62,6,0.042
Vanellus vanellus,79,0.219,4,0.75,2,0.0744
Calidis canutus,42,0.128,20,0.5,19,0.0286
Calidris alpina,652,0.054,23,0.36,23,0.0156
Philomachus pugnax,270,0.114,9,0.55,9,0.0388
Gallinago gallinago,37,0.132,7,0.52,6,0.0476
Limosa lapponica,94,0.318,1,0.73,1,0.052
Numenius phaeopus,66,0.383,1,1.07,1,0.1365
Numenius arqueta,231,0.794,6,0.97,2,0.1182
Tringa nebulaña,52,0.174,1,0.61,1,0.0406
Tringa glareola,31,0.066,4,0.4,4,0.0203
Arenaria interpres,35,0.111,11,0.47,11,0.0252
Phalaropus lobatus,61,0.033,4,0.34,4,0.0146
Phalaropus fulicarius,216,0.054,6,0.42,6,0.0196
Stercorarius pomarinus,128,0.688,3,1.18,,
Stercorarius parasiticus,45,0.438,17,1.06,16,0.1175
Stercorarius longicaudus,48,0.297,4,1,4,0.0891
Larus ridibundus,352,0.283,28,0.97,28,0.0976
Larus canus,176,0.411,5,1.11,3,0.1246
Larus fuscus,130,0.719,14,1.34,14,0.1934
Larus argentatus,374,1.142,11,1.34,11,0.1968
Larus marinus,219,1.669,10,1.67,10,0.2881
Rissa tridactyla,411,0.408,6,0.96,6,0.0953
Sterna paradisaea,262,0.11,1,0.8,1,0.0571
Chlidonias leucopterus,111,0.054,1,0.65,1,0.0545
Gavia stellata,13,1.505,1,1.04,1,0.089
Gavia arctica,5,2.543,1,1.2,1,0.1196
Phalacrocorax carbo,62,2.227,9,1.4,9,0.224
Pelecanus onocrotalus,7,8.504,5,2.91,4,0.9554
Botaurus stellaris,4,1.133,2,1.26,2,0.2727
Nycticorax nycticorax,8,0.763,3,1.06,2,0.1589
Ardeola ralloides,24,0.287,1,0.86,1,0.1114
Egretta alba,27,0.888,6,1.44,4,0.2443
Ardea cinerea,34,1.439,3,1.73,3,0.3716
Ardea purpurea,3,0.906,1,1.35,1,0.2488
Ciconia nigra,2,3,1,1.5,1,0.2842
Ciconia ciconia,72,3.432,4,1.91,3,0.5326
Plegadis falcinelIus,4,0.566,2,0.89,1,0.0986
Platalea leucorodia,9,1.857,2,1.3,2,0.2415
Porzana porzana,18,0.078,2,0.38,2,0.0236
Grus grus,19,5.614,2,2.22,2,0.5855
Falco naumanni,60,0.151,1,0.65,1,0.0611
Falco tinnunculus,105,0.203,7,0.73,5,0.0708
Falco vespedinus,11,0.165,1,0.72,1,0.0728
Falco subbuteo,14,0.238,6,0.74,6,0.0667
Falco eleonorae,22,0.387,2,0.95,2,0.1041
Falco peregrinus,51,0.789,20,1.02,19,0.1257
Lullula arborea,962,0.027,1,0.29,1,0.0164
Alauda arvensis,393,0.039,5,0.35,5,0.0207
Riparia riparia,250,0.015,4,0.27,4,0.0096
Hirundo rupestris,10,0.019,3,0.32,2,0.0116
Hirundo rustica,2343,0.016,6,0.32,6,0.0136
Delichon urbica,256,0.015,3,0.29,3,0.0104
Anthus trivialis,438,0.022,2,0.27,2,0.0126
Anthus pratensis,232,0.018,4,0.26,4,0.0123
Motacilla flava,164,0.018,2,0.26,1,0.0103
Motacilla alba,101,0.021,8,0.26,8,0.0119
Prunella modularis,541,0.02,14,0.21,14,0.009
Oenanthe oenanthe,73,0.023,6,0.28,6,0.0143
Turdus pilaris,76,0.105,7,0.42,7,0.0299
Turdus philomelos,290,0.068,21,0.36,21,0.0218
Turdus iliacus,317,0.061,35,0.36,35,0.0223
Turdus viscivorus,21,0.114,2,0.44,2,0.0333
Parus ater,51,0.009,1,0.18,1,0.0073
Parus major,63,0.019,13,0.23,13,0.0109
Garrulus glandarius,60,0.162,5,0.54,5,0.0644
Nucifraga caryocatactes,72,0.173,2,0.58,2,0.0584
Corvus monedula,202,0.245,5,0.65,3,0.0684
Corvus frugilegus,79,0.488,3,0.93,2,0.138
Corvus corone,147,0.566,6,0.91,5,0.1378
Corvus corax,10,1.149,2,1.21,1,0.2472
Sturnus vulgaris,2875,0.083,17,0.38,14,0.0244
Fringilla coelebs,169,0.022,18,0.26,18,0.0132
Fringilla montifringilla,63,0.024,13,0.27,13,0.0126
Carduelis chloris,25,0.028,6,0.25,6,0.0123
Carduelis carduelis,53,0.016,3,0.24,3,0.0093
Carduelis spinus,59,0.014,9,0.21,9,0.0076
Carduelis cannabina,53,0.015,2,0.24,2,0.0095
Pyrrhula pyrrhula,39,0.022,5,0.27,5,0.0136
Pernis apivorus,28,0.778,10,1.26,10,0.2471
Milvus migrans,33,0.815,2,1.52,1,0.2805
Milvus milvus,17,1.012,3,1.66,3,0.3248
Haliaeetus albicilla,34,4.967,4,2.18,4,0.8824
Neophron percnopterus,11,2.062,2,1.65,1,0.3555
Circus aeruginosus,56,0.653,11,1.16,11,0.204
Circus cyaneus,363,0.433,3,1.1,3,0.1568
Circus macrourus,23,0.42,2,1.09,2,0.1483
Circus pygargus,22,0.291,3,1.09,3,0.135
Accipiter nisus,361,0.277,46,0.67,43,0.0768
Accipiter brevipes,10,0.195,1,0.7,1,0.0739
Buteo buteo,491,0.885,15,1.24,14,0.2689
Buteo lagopus,279,0.943,8,1.35,7,0.3324
Aquila pomarina,38,1.391,1,1.47,1,0.5153
Aquila nipalensis,1,2.9,1,2.03,1,0.4853
Aquila chrysaetos,61,4.069,13,2.03,11,0.597
Hieraaetus pennatus,24,0.828,1,1.11,1,0.2004
Pandion haliaetus,49,1.578,23,1.6,22,0.3201
Merops apiaster,384,0.057,1,0.47,1,0.0273