﻿species,body-mass (kg),wing-span (m),wing-area (m2),source
Podiceps cristatus,1,0.81,0.0855,RM
Phalacrocorax carbo,2.556,1.35,0.2243,CJP
Pelecanus onocrotalus,7.3,2.86,0.934,CJP
Nycticorax nycticorax,0.656,1.1,0.16,RM
Egretta garzetta,0.5,0.92,0.115,other
Ardea cinerea,1.21,1.6,0.358,CJP
Ardea purpurea,1.109,1.37,0.2488,RM
Ciconia nigra,3,1.85,0.5,other
Ciconia ciconia,3.6,2.16,0.6508,SOI
Platalea leucorodia,1.501,1.26,0.2341,RM
Phoenicopterus ruber,3,1.53,0.2715,other
Cygnus olor,8.76,2.3,0.6504,CJP
Anas strepera,0.74,0.9,0.1,other
Anas platyrhynchos,1.094,0.89,0.1054,CJP
Anas acuta,0.911,0.93,0.0918,RM
Anas clypeata,0.598,0.78,0.075,RM
Aythya ferina,1.005,0.78,0.066,RM
Aythya fuligula,0.806,0.75,0.063,RM
Mergus merganser,1.479,0.96,0.068,RM
Pernis apivorus,0.8,1.27,0.26,SOI
Milvus migrans,0.858,1.4,0.2744,SOI
Milvus milvus,0.851,1.5,0.304,CJP
Haliaeetus vocifer,3,1.9,0.5,other
Neophron percnopterus,1.849,1.65,0.35,RM
Circus aeruginosus,0.651,1.33,0.2248,RM
Circus cyaneus,0.43,1.1,0.1539,other
Circus macrourus,0.358,1.06,0.1553,RM
Circus pygargus,0.25,1.04,0.129,CJP
Accipiter gentilis F,1.2,1.2,0.24,other
Accipiter gentilis M,0.717,1.03,0.1643,CJP
Accipiter nisus F,0.295,0.76,0.0912,SOI
Accipiter nisus M,0.115,0.62,0.0638,SOI
Accipiter brevipes,0.22,0.7,0.0739,other
Micronisus gabar,0.15,0.65,0.065,other
Buteo buteo buteo,0.964,1.29,0.254,CJP
Buteo buteo vulpinus,0.58,1.19,0.207,other
Aquila pomarina,2.015,1.8,0.5133,RM
Hieraaetus pennatus,0.595,1.16,0.2004,RM
Hieraaetus fasciatus,2.049,1.74,0.3792,RM
Pandion haliaetus,2,1.7,0.3196,CJP
Falco naumanni,0.148,0.65,0.0611,RM
Falco tinnunculus,0.206,0.75,0.0777,CJP
Falco vespertinus,0.165,0.72,0.0728,other
Falco columbarius M,0.159,0.59,0.0493,CJP
Falco subbuteo,0.184,0.75,0.0653,CJP
Falco eleonorae,0.36,1,0.15,other
Falco concolor,0.25,0.9,0.1196,other
Falco biarmicus,0.595,1.056,0.141,other
Falco peregrinus F,0.998,1.1,0.1478,CJP
Falco peregrinus M,0.57,0.96,0.1098,CJP
Falco pelegrinoides M,0.411,0.77,0.0723,CJP
Coturnix coturnix,0.096,0.37,0.02,RM
Fulica atra,0.744,0.75,0.07,RM
Haematopus ostralegus,0.403,0.85,0.0891,CJP
Himantopus himantopus,0.16,0.75,0.06,other
Cursorius cursor,0.115,0.54,0.0407,other
Glareola pratincola,0.08,0.63,0.0503,other
Glareola nordmanni,0.1,0.64,0.054,other
Charadrius hiaticula,0.053,0.4,0.0179,CJP
Pluvialis apricaria,0.19,0.56,0.05,other
Pluvialis squatarola,0.21,0.6,0.055,other
Hoplopterus spinosus,0.15,0.7,0.07,other
Vanellus vanellus,0.236,0.73,0.082,RM
Calidris alba,0.05,0.35,0.016,other
Calidris alpina,0.044,0.36,0.016,CJP
Philomachus pugnax F,0.12,0.45,0.03,other
Philomachus pugnax M,0.19,0.57,0.045,other
Gallinago gallinago,0.122,0.46,0.0309,CJP
Limosa lapponica,0.271,0.72,0.055,other
Numenius phaeopus,0.373,0.82,0.073,RM
Numenius arquata,0.726,1.04,0.1189,RM
Tringa nebularia,0.171,0.6,0.0369,RM
Tringa ochropus,0.087,0.45,0.0289,RM
Larus minutus,0.12,0.65,0.08,other
Larus ridibundus,0.275,0.96,0.0983,CJP
Larus canus,0.276,1.1,0.138,CJP
Larus fuscus,0.797,1.34,0.1895,CJP
Larus argentatus,0.705,1.35,0.2001,CJP
Larus cachinnans,1,1.43,0.2496,SOI
Chlidonias niger,0.065,0.6,0.0521,other
Chlidonias leucopterus,0.068,0.57,0.0545,other
Pterocles coronatus,0.3,0.57,0.0432,other
Pterocles orientalis,0.41,0.72,0.0721,other
Columba livia,0.35,0.67,0.0649,other
Columba palumbus,0.5,0.75,0.0904,other
Streptopelia turtur,0.132,0.52,0.04,other
Asio otus,0.28,0.94,0.13,CJP
Asio flammeus,0.35,1.03,0.1343,other
Caprimulgus ruficollis,0.069,0.67,0.0567,other
Apus apus,0.04,0.4,0.015,SOI
Apus pallidus,0.04,0.4,0.015,other
Apus melba,0.081,0.5,0.0271,SOI
Apus affinis,0.018,0.33,0.01,other
Merops apiaster,0.058,0.47,0.0273,other
Upupa epops,0.07,0.44,0.0422,other
Jynx torquilla,0.03,0.29,0.015,CJP
Galerida cristata,0.045,0.34,0.02,other
Lullula arborea,0.027,0.29,0.0164,other
Alauda arvensis,0.031,0.36,0.0233,CJP
Riparia riparia,0.014,0.28,0.0096,other
Ptyonoprogne rupestris,0.024,0.33,0.0113,other
Hirundo rustica,0.017,0.32,0.014,CJP
Hirundo daurica,0.022,0.33,0.0154,other
Delichon urbica,0.018,0.28,0.0107,other
Anthus trivialis,0.022,0.28,0.0126,RM
Anthus pratensis,0.02,0.27,0.0143,CJP
Anthus spinoletta,0.026,0.28,0.0151,CJP
Motacilla flava,0.017,0.26,0.0103,RM
Motacilla cinerea,0.017,0.26,0.011,RM
Motacilla alba,0.02,0.27,0.0129,CJP
Luscinia megarhynchos,0.02,0.25,0.0116,SOI
Prunella modularis,0.017,0.21,0.009,CJP
Erithacus rubecula,0.015,0.22,0.0101,CJP
Phoenicurus ochruros,0.015,0.25,0.0106,RM
Phoenicurus phoenicurus,0.015,0.23,0.0106,CJP
Saxicola rubetra,0.016,0.24,0.0095,RM
Oenanthe oenanthe,0.025,0.31,0.0157,CJP
Turdus torquatus,0.105,0.44,0.033,CJP
Turdus merula,0.098,0.39,0.0297,CJP
Turdus pilaris,0.093,0.43,0.0335,CJP
Turdus philomelos,0.072,0.36,0.0226,CJP
Turdus viscivorus,0.135,0.47,0.0358,RM
Acrocephalus palustris,0.013,0.2,0.0072,CJP
Acrocephalus scirpaceus,0.01,0.2,0.0074,SOI
Acrocephalus arundinaceus,0.031,0.27,0.0117,other
Locustella naevia,0.013,0.19,0.007,other
Hippolais icterina,0.014,0.22,0.0081,other
Hippolais polyglotta,0.011,0.2,0.0083,SOI
Hippolais pallida,0.012,0.2,0.0083,SOI
Sylvia hortensis,0.021,0.24,0.0112,SOI
Sylvia curruca,0.012,0.2,0.0073,RM
Sylvia communis,0.015,0.21,0.0087,SOI
Sylvia borin,0.017,0.23,0.0095,SOI
Sylvia atricapilla,0.021,0.23,0.0098,CJP
Phylloscopus trochilus,0.008,0.19,0.0071,SOI
Regulus regulus,0.005,0.16,0.0053,CJP
Regulus ignicapillus,0.006,0.15,0.005,other
Muscicapa striata,0.015,0.24,0.011,other
Ficedula hypoleuca,0.013,0.24,0.0091,other
Parus ater,0.009,0.19,0.0061,RM
Lanius collurio,0.03,0.3,0.0145,RM
Garrulus glandarius,0.15,0.55,0.0662,CJP
Pica pica,0.227,0.61,0.0595,RM
Nucifraga caryocatactes,0.192,0.65,0.079,RM
Corvus monedula,0.181,0.6,0.0618,CJP
Corvus frugilegus,0.454,0.93,0.1373,RM
Corvus corone,0.552,0.93,0.147,CJP
Corvus ruficollis,0.72,1.1,0.1944,other
Corvus corax,0.945,1.14,0.2472,RM
Sturnus vulgaris,0.085,0.38,0.023,CJP
Fringilla coelebs,0.023,0.26,0.013,CJP
Fringilla montifringilla,0.023,0.27,0.0125,CJP
Serinus serinus,0.011,0.22,0.0076,other
Carduelis chloris,0.029,0.27,0.0112,RM
Carduelis carduelis,0.018,0.24,0.0099,CJP
Carduelis spinus,0.011,0.21,0.0079,CJP
Carduelis cannabina,0.018,0.24,0.0093,RM
Emberiza hortulana,0.022,0.26,0.0138,RM