﻿species,N,WS cm,WA cm2,TA cm2,AR,WL cm,SL cm,H
Anabacerthia variegaticeps,1,27.9,77,184,4.2,87.9,70.8,19.4
Asthenes dorbignyi,1,21,40,104,4.2,60.3,56.2,6.9
Asthenes ottonis,2,18.6,36,86,4,58.1,52.1,10.3
Asthenes virgata,2,22.3,52,125,4,66.8,61.9,7.4
Campylorhamphus pusillus,1,29.7,87,205,4.3,92.4,76,17.8
Cinclodes taczanowskii,1,34,115,250,4.6,116.1,87.6,24.5
Cranioleuca curtata,2,21.8,41,104,4.6,66.6,56.3,15.4
Dendrocincla anabatina,3,31,86,198,4.8,97.3,78.8,19
Dendrocincla fuliginosa,2,32.7,100,234,4.6,107,84.6,20.9
Dendrocincla homochroa,1,33.6,106,251,4.5,104.2,85.6,17.8
Dendrocolaptes sanctithomae,2,39.4,148,340,4.6,126.9,100.7,20.6
Geositta cunicularia,1,24.8,62,129,4.8,85.8,66.8,22.2
Glyphorynchus spirurus,4,22.7,46,107,4.8,70.8,54.4,23.1
Hellmayrea gularis,3,18.4,33,82,4.1,56.6,51,9.8
Hylocryptus erythrocephalus,2,30.5,82,225,4.1,95.8,86.3,9.9
Margarornis squamiger,5,24.5,49,128,4.7,75.1,61.5,18.1
Phacellodomus striaticeps,2,22.2,46,119,4.1,69.3,64,7.7
Premnoplex brunnescens,5,19.6,35,88,4.3,59.5,51.8,13
Premnornis guttuligera,2,21.3,41,112,4.1,66.2,57.2,13.6
Pseudocolaptes boissonneautii,1,35.9,109,272,4.7,113.5,92.6,18.4
Schizoeaca griseomurina,1,19.5,31,84,4.5,58.4,51.8,11.3
Sclerurus guatemalensis,2,28.4,75,183,4.4,87.6,74.8,14.7
Synallaxis brachyura,1,19.4,34,90,4.2,54.6,49.1,10
Synallaxis erythrothorax,1,18.2,32,81,4.1,55.2,49.3,10.7
Synallaxis unirufa,3,18.7,34,87,4,56.2,51.1,9.2
Syndactyla rufosuperciliata,1,25.1,62,146,4.3,77.6,66.8,13.9
Upucerthia jelskii,1,27.6,78,181,4.2,83.9,75.7,9.8
Xenerpestes minlosi,1,16.6,29,65,4.2,54.3,44.2,18.7
Xenerpestes singularis,1,17.9,31,72,4.4,55.3,44.8,18.9
Xenops minutus,2,19.5,33,78,4.8,60.2,47.1,21.7
Xiphocolaptes promeropirhynchus,1,41,174,404,4.2,131,111.1,15.1
Xiphorhynchus erythropygius,1,35.8,115,270,4.8,113.4,88.1,22.3
Xiphorhynchus flavigaster,1,33.1,104,240,4.5,101.5,84.4,16.8
Xiphorhynchus susurrans,1,30.3,89,206,4.5,95.1,77.2,18.9
Xiphorhynchus triangularis,3,38,123,294,4.9,120,94,21.6