﻿Species,,N,Mass (kg),±SD,Span (m),±SD,Wing area (m2),±SD,Aspect ratio,±SD?,Wing loading,±SD
Sterna albifrons,juvenile,4,0.051,0.003,0.48,0.02,0.0194,0.0023,12,1.6,26,4
Sterna albifrons,adult,5,0.051,0.004,0.51,0.02,0.0202,0.0029,13.3,1.8,26.4,3.4
Sterna paradisaea,juvenile,2,0.096,0.008,0.72,0.01,0.0449,0.0002,11.6,0.06,20.9,0.9
Sterna paradisaea,adult,4,0.122,0.006,0.8,0.02,0.0529,0.0066,12.2,1.2,22.9,2.5
Sterna hirundo,juvenile,22,0.131,0.006,0.77,0.03,0.0488,0.01,12.3,1.2,26.4,3
Sterna hirundo,adult,8,0.133,0.014,0.81,0.01,0.0556,0.0063,11.8,1.3,23.8,3.5
Sterna sandwichensis,,3,0.242,0.017,0.99,0.03,0.0735,0.0024,13.2,0.6,32.4,3.4
Hydroprogne caspia,,6,0.662,0.018,1.28,0.08,0.1289,0.0128,12.6,0.6,50.7,3.9