﻿,Species (common name),latin name,n,Mass (kg),,Aspect ratio,,Wing loading (N m-2),,Wing span (m),,Wing area (m2),
Procellariifomes,Wedge-tailed Shearwater,Ardenna pacifica,40,0.38,0.01,10.41,0.06,37.94,63,1.01,0.01,0.1,0.001
,Christmas Shearwater,Puffinus nativitatis,12,0.34,0.01,10.34,0.78,51.51,1.48,0.82,0.02,0.07,0.001
Pelecanifomes,Brown Booby,Sula leucogaster,14,1.26,0.06,12.14,0.13,64.06,2.38,1.52,0.06,0.19,0.004
,Masked Booby,Sula dactylatra,7,1.9,0.06,12.16,0.29,84.76,3.13,1.64,0.03,0.22,0.005
,Red-footed Booby,Sula sula,42,1.1,0.02,11.43,0.09,54.98,0.78,1.5,0.01,0.2,0.002
,Red-tailed Tropicbird,Phaethon rubricauda,15,0.65,0.02,10.92,0.08,56.67,1.49,1.11,0.01,0.11,0.001
Charadriiformes,Sooty Tern,Onychoprion fuscatus,27,0.2,0.01,11.23,0.1,26.92,0.39,0.9,0.004,0.07,0.001
,Brown Noddy,Anous stolidus,30,0.19,0.003,9.67,0.06,23.38,1.89,0.85,0.004,0.08,0.001
,White Tern,Gygis alba,2,0.11,0.003,11.12,0.12,23.54,0.76,0.7,0.001,0.04,0.001