﻿,Bird ID (tracker),Capture site,Wing span (m),Wing area (m2),Weight (kg),Minimum chemical power (W)
eastern buzzard,ns1601 (WT-300s),Fukuoka,1.17,0.21,1.01,45.1
,ns1602 (WT-300s),Fukuoka,1.25,0.24,0.9,34.5
,ns1603 (WT-300s),Fukuoka,1.29,0.26,0.99,38.5
,ns1604 (WT-300s),Fukuoka,1.2,0.25,1,45.5
,ns1606 (WT-300s),Fukuoka,1.16,0.21,0.9,37.9
,ns1607 (WT-300s),Fukuoka,1.19,0.22,0.96,40.6
,ns1608 (WT-300s),Hyogo,1.22,0.24,0.94,38.2
,ns1610 (WT-300s),Fukuoka,1.21,0.23,0.91,36.7
,ns1612 (WT-300s),Hyogo,1.24,0.23,1.11,47.4
,ns1614 (WT-300s),Hyogo,1.22,0.23,1.01,42.2
,ns1615 (WT-300s),Hyogo,1.23,0.23,0.96,38.7
,ns1619 (WT-300s),Hyogo,1.19,0.22,0.9,37
,HAR20 (Harrier-M),Nagasaki,1.25,0.23,0.88,31.9
,HAR21 (Harrier-M),Nagasaki,1.18,0.21,0.77,29.1
,HAR22 (Harrier-M),Nagasaki,1.24,0.25,0.69,23.5
,HAR23 (Harrier-M),Nagasaki,1.28,0.25,0.79,27.2
,HAR24 (Harrier-M),Nagasaki,1.23,0.25,0.9,35.8
Oriental honey-buzzard ,ngsku1601 (WT-300s),Aomori,1.37,0.32,1.19,48.9
,ngsku1605 (WT-300s),Aomori,1.38,0.3,0.94,32.6
,ngsku1701 (WT-300s),Aomori,1.45,0.33,1.16,42.7
,ngsku1704 (WT-300s),Aomori,1.46,0.33,1.22,45.2
,ngsku1706 (WT-300s),Aomori,1.31,0.27,0.84,29.1
,ngsku1707 (WT-300s),Aomori,1.33,0.32,1.13,48.7
,ngsku1709 (WT-300s),Aomori,1.33,0.26,1.02,38
,ns1621 (WT-300s),Aomori,1.41,0.29,1.01,34.4