﻿Species,Wing Area (cm2),SD,N,Body Mass (g),SD,N,Wing span (mm),SD,N
Falco biarmicus,1123.1,182.1,35,546.6,72.3,34,1029.1,73,32
Falco chicquera,591.6,41.9,9,216.2,23.2,9,686.6,32.1,10
Falco dickinsoni,523,47.3,11,189,16.8,11,669.1,32.5,11
Falco naumanni,557.6,36.8,10,121,17.1,10,721.7,27.8,3
Falco rupicoloides,844.9,81.8,61,255.3,20.6,59,836,39.2,72
Falco tinnunculus,634.4,51.4,42,181.5,18.1,37,713.9,35,130
Falco vespertinus,543.7,29.3,5,112.5,10.3,4,697.2,,
Polihierax semitorquatus,204.5,24.6,13,59.5,4.6,13,371.7,18.6,9
Tyto alba,1142.9,85.2,18,348.9,38.9,16,908.6,25,11
Tyto capensis,1520.1,108,10,413.9,46,9,1038.25,,
Asio capensis,1243,105.5,5,353.3,36.6,3,915.4,,
Bubo africanus,2057.3,175,37,741.6,93.9,31,1132.9,70.5,26
Bubo capensis,2357.9,169.5,6,1064.2,157,6,1249.3,70.2,5
Bubo lacteus,4225.1,,,1980,,,1634.7,77,3
Glaucidium capense,294.8,41.6,4,93.3,7.1,4,403.6,22.9,4
Glaucidium perlatum,247.8,21.3,17,88.4,14,16,386.2,16.7,32
Otus leucotis,676.9,97.5,3,225.7,28.9,3,666.8,34.1,4
Otus senegalensis,336.8,10,3,80.1,13.7,3,467.8,20.9,12
Strix woodfordii,1203.1,44.6,7,344.8,22.3,6,787.9,19.9,6
Aquila nipalensis,4167.9,257.6,4,3025,486.7,4,2100,,
Aquila rapax,3956.1,324.5,10,2499,391.2,10,1823.2,121,15
Aquila verreauxii,5138.6,497.1,9,3315.7,806.5,7,1994.2,79,5
Aquila wahlbergi,2655.7,193.4,9,1209.4,172.5,9,1407.3,78.2,11
Hieraaetus ayresii,2277.9,271.3,4,988.3,274,4,1236.55,,
Hieraaetus pennatus,1818.1,,,696,,,1223.2,100.8,4
Hieraaetus spilogaster,2751.8,248.2,21,1479.9,129,21,1416.7,85.2,36
Polemaetus bellicosus,6398.1,830.9,21,3931.8,645.5,20,2119,188.2,10
Buteo augur,2417.5,257.9,6,973.2,118.5,5,1315.5,64.6,22
Buteo buteo,1872.5,197.5,17,731,87.2,17,1188.4,46.9,11
Buteo rufofuscus,2759.6,325.4,19,1059.4,184,18,1319,56.7,9
Buteo trizonatus,1627.8,175.3,3,602.7,99.6,3,,,
Circaetus cinereus,4054.4,130.2,3,2050,70.7,3,1640.7,71.7,3
Circaetus pectoralis,3686.4,382.3,22,1457.7,142.8,21,1776.1,59.8,23
Terathopius ecaudatus,3530.3,286.4,3,2391.7,218.3,3,1861.9,,
Haliaeetus vocifer,5456.8,843.5,3,2683.3,417,3,1900,,
Circus ranivorus,1690.1,205.7,3,470,41.4,3,,,
Elanus caeruleus,890.6,57.4,170,243.5,22.2,168,844.4,26.8,27
Milvus migrans,2152,171.5,17,630.7,88.7,13,1309,41.4,9
Milvus parasitus,2139.6,252.6,18,656,81.4,10,1294.7,43.6,7
Polyboroides typus,2898.4,168.2,5,785,100.1,4,,,
Accipiter badius,512.6,70.9,9,127.4,8.6,9,578.4,38.8,34
Accipiter melanoleucos,1542.6,240.6,5,746,110.9,5,1017,55.1,3
Accipiter tachiro,1016.8,222.1,12,326.5,90.1,11,698.4,44.8,3
Kaupifalco monogrammicus,748.8,45.2,8,303.1,29.2,7,785,43.8,9
Melierax canorus,1723.6,211.6,80,724.2,99.5,76,1108.3,66,229
Melierax metabates,1487.7,121.4,13,635.4,77.8,12,1011.9,40.4,17
Micronisus gabar,544.1,65.5,4,175,2.9,3,598.1,60.6,7
Gypaetus barbatus,7370.9,410.8,18,5396.9,566.6,16,2576.8,57.1,17
Gyps coprotheres,8541.3,508.4,9,9288.9,823.9,9,2573.3,93,6
Sagittarius serpentarius,5577.5,370.2,8,3677.1,326.4,7,2120.4,106.8,8
Accipiter minullus,350.05,,,68,,,385.4,,
Accipiter ovampensis,654.9,,,175,,,667.4,,
Accipiter rufiventris,748.4,,,180,,,720.3,,
Aquila pomarina,3091.9,,,1408,,,1501,,
Aviceda cuculoides,1295.3,,,220,,,906.5,,
Circaetus cinerascens,2678.2,,,1126,,,1135,,
Circaetus fasciolatus,2336.1,,,1030,,,,,
Circus pygargus,1555.6,,,325,,,1100,,
Falco amurensis,575.75,,,129,,,,,
Falco concolor,575.3,,,125,,,709.8,,
Falco peregrinus,1017.95,,,477,,,1032,,
Gyps africanus,7529,,,5800,,,,,
Lophaetus occipitalis,2705.3,,,980,,,,,
Macheiramphus alcinus,1465.95,,,610,,,,,
Stephanoaetus coronatus,5415.3,,,3375,,,1520,,
Trigonoceps occipitalis,6269.6,,,3970,,,2162.5,,