﻿,species,mass-kg,wing_span-m,wing_area-m2,BMR-W
1,Anas crecca,0.231,0.597,0.0448,1.31
2,Anas discors,0.375,0.64,0.049,1.86
3,Anas georgica,0.437,0.682,0.0646,2.08
4,Anas penelope,0.77,0.822,0.0829,3.14
5,Anas platyrhynchos,1.14,0.89,0.107,4.17
6,Cygnus bewickii,6.1,1.96,0.421,14
7,Cygnus cygnus,10.3,2.29,0.62,20.5
8,Cygnus olor,9.1,2.3,0.65,18.7
9,Caprimulgus carolinensis,0.11,0.655,0.0565,0.768
10,Chordeiles minor,0.0691,0.567,0.0371,0.549
11,Alca torda,0.662,0.661,0.0462,2.81
12,Cepphus grylle,0.445,0.525,0.0336,2.11
13,Fratercula arctica,0.404,0.549,0.0369,1.97
14,Uria aalge,0.862,0.706,0.0532,3.4
15,Arenaria interpres,0.129,0.47,0.027,0.862
16,Charadrius hiaticula,0.053,0.398,0.0179,0.453
17,Charadrius vociferus,0.097,0.501,0.0336,0.702
18,Chionis alba,0.61,0.823,0.105,2.65
19,Haematopus ostralegus,0.403,0.852,0.0873,1.96
20,Larus argentatus,0.705,1.35,0.2,2.94
21,Larus atricilla,0.325,1.05,0.108,1.68
22,Larus canus,0.404,1.1,0.138,1.97
23,Larus fuscus,0.818,1.34,0.19,3.28
24,Larus marinus,1.66,1.66,0.29,5.47
25,Larus ridibundus,0.282,0.962,0.0982,1.52
26,Rissa tridactyla,0.407,0.947,0.095,1.98
27,Anous stolidus,0.171,0.816,0.0753,1.06
28,Sterna anaethetus,0.1,0.81,0.0618,0.717
29,Sterna fuscata,0.196,0.868,0.0723,1.17
30,Sterna hirundo,0.12,0.78,0.0496,0.818
31,Sterna maxima,0.47,1.15,0.108,2.2
32,Rynchops niger,0.23,0.99,0.0888,1.31
33,Catoptrophorus semipalmatus,0.21,0.7,0.0632,1.23
34,Scolopax rusticola,0.37,0.625,0.0698,1.85
35,Gallinago gallinago,0.122,0.46,0.0309,0.828
36,Catharacta skua,1.55,1.41,0.231,5.2
37,Stercorarius parasiticus,0.409,1.05,0.116,1.99
38,Phoenicopterus minor,1.46,1.31,0.198,4.98
39,Ardea cinerea,1.21,1.6,0.358,4.35
40,Ardea herodias,2.39,1.78,0.428,7.12
41,Ardea occidentalis,2.37,1.87,0.483,7.07
42,Bubulcus ibis,0.338,0.891,0.114,1.73
43,Butorides striatus,0.212,0.68,0.0724,1.23
44,Egretta albus,0.874,1.42,0.229,3.44
45,Egretta caerulea,0.395,0.98,0.134,1.94
46,Egretta tricolor,0.375,0.89,0.118,1.86
47,Ciconia ciconia,3.44,1.97,0.522,9.26
48,Leptoptilos crumeniferus,7.08,2.63,0.935,15.6
49,Mycteria americana,2.38,1.78,0.439,7.09
50,Sphenorynchus abdimii,1.03,1.49,0.317,3.87
51,Ajaia ajaja,1.4,1.28,0.226,4.83
52,Eudocimus albus,0.9,0.959,0.149,3.51
53,Columba leucocephala,0.29,0.593,0.0611,1.55
54,Streptopelia risoria,0.15,0.523,0.0471,0.962
55,Zenaida macroura,0.119,0.432,0.0314,0.813
56,Ceryle alcyon,0.148,0.54,0.0457,0.952
57,Coccyzus americanus,0.064,0.402,0.0256,0.519
58,Plegadis chihi,0.418,0.923,0.126,2.02
59,Accipiter cooperii,0.528,0.832,0.12,2.39
60,Accipiter gentilis,0.754,1.05,0.177,3.09
61,Accipiter striatus,0.145,0.601,0.0658,0.938
62,Accipiter nisus,0.255,0.682,0.0767,1.41
63,Aquila chrysaetos,4.39,2.01,0.612,11
64,Aquila rapax,2,1.78,0.447,6.26
65,Buteo buteo,0.964,1.29,0.254,3.69
66,Buteo jamaicensis,1.06,1.21,0.232,3.95
67,Buteo lineatus,0.569,1.01,0.172,2.52
68,Buteo platypterus,0.455,0.897,0.114,2.14
69,Buteo swainsoni,0.931,1.29,0.227,3.6
70,Circus pygargus,0.25,1.04,0.129,1.39
71,Gyps africanus,5.5,2.22,0.716,13
72,Gyps rueppellii,7.3,2.5,0.892,16
73,Aegypius monachus,9.9,3.04,1.4,19.9
74,Necrosyrtes monachus,2,1.71,0.436,6.26
75,Torgos tracheliotus,6.6,2.64,1.03,14.8
76,Trigonoceps occipitalis,3.7,2.23,0.667,9.76
77,Cathartes aura,1.81,1.79,0.466,5.82
78,Parabuteo unicinctus,0.68,1.07,0.191,2.87
79,Falco biarmicus,0.595,1.06,0.141,2.6
80,Falco columbarius,0.157,0.588,0.0493,0.994
81,Falco mexicanus,0.837,1.02,0.137,3.33
82,Falco pelegrinoides,0.411,0.77,0.0723,1.99
83,Falco peregrinus,0.731,1.01,0.124,3.02
84,Falco rusticolus,1.17,1.25,0.197,4.25
85,Falco sparverius,0.116,0.559,0.0417,0.798
86,Falco subbuteo,0.184,0.75,0.0653,1.11
87,Falco tinnunculus,0.206,0.752,0.0777,1.21
88,Pandion haliaetus,2,1.7,0.32,6.26
89,Colinus virginianus,0.175,0.36,0.0259,1.07
90,Phasianus colchicus,1.2,0.81,0.126,4.32
91,Centrocercus urophasianus,1.66,0.948,0.142,5.47
92,Gavia immer,4.13,1.38,0.194,10.6
93,Gavia stellata,2.31,1.15,0.128,6.94
94,Aramus guarauna,0.615,1.02,0.181,2.67
95,Ardeotis kori,11.9,2.47,1.06,22.7
96,Fulica americana,0.642,0.62,0.0564,2.75
97,Gallinula chloropus,0.334,0.53,0.0485,1.72
98,Rallus longirostris,0.297,0.525,0.054,1.58
99,Dendroica caerulescens,0.01,0.195,0.008,0.223
100,Dendroica dominica,0.01,0.206,0.0091,0.223
101,Dendroica striata,0.013,0.23,0.0091,0.269
102,Dendroica tigrina,0.01,0.208,0.0078,0.223
103,Geothlypis trichas,0.01,0.178,0.00663,0.223
104,Mniotilta varia,0.011,0.213,0.0088,0.239
105,Parula americana,0.0089,0.18,0.00685,0.205
106,Seiurus aurocapillus,0.0189,0.242,0.0111,0.353
107,Seiurus motacilla,0.023,0.265,0.0126,0.407
108,Setophaga ruticilla,0.0077,0.195,0.00782,0.184
109,Wilsonia citrina,0.011,0.206,0.0087,0.239
110,Coccothraustes coccothraustes,0.0449,0.325,0.0177,0.661
111,Passer domesticus,0.0294,0.24,0.012,0.486
112,Sturnus vulgaris,0.085,0.384,0.0251,1.05
113,Acrocephalus palustris,0.0126,0.198,0.00723,0.263
114,Vireo olivaceus,0.018,0.243,0.0103,0.341
115,Agelaius phoeniceus,0.0526,0.3,0.0172,0.741
116,Dumetella carolinensis,0.0369,0.287,0.0162,0.573
117,Toxostoma rufum,0.065,0.326,0.0217,0.864
118,Mimus polyglottos,0.0485,0.356,0.0269,0.699
119,Anthus spinoletta,0.0255,0.276,0.0151,0.439
120,Anthus pratensis,0.0199,0.273,0.0143,0.367
121,Anthus cervinus,0.02,0.273,0.0129,0.368
122,Motacilla alba,0.0195,0.261,0.0127,0.361
123,Oenanthe oenanthe,0.0248,0.307,0.0158,0.43
124,Turdus iliacus,0.0636,0.362,0.0227,0.85
125,Turdus merula,0.0947,0.397,0.0306,1.13
126,Turdus migratorius,0.068,0.39,0.028,0.893
127,Turdus philomelos,0.0719,0.361,0.0226,0.929
128,Turdus pilaris,0.0932,0.433,0.0335,1.12
129,Turdus torquatus,0.105,0.439,0.033,1.22
130,Alauda arvensis,0.0312,0.363,0.0234,0.508
131,Plectrophenax nivalis,0.0422,0.33,0.0184,0.632
132,Carduelis flavirostris,0.0169,0.23,0.00979,0.326
133,Carduelis carduelis,0.018,0.244,0.00995,0.341
134,Carduelis chloris,0.025,0.27,0.0144,0.433
135,Carduelis spinus,0.0112,0.212,0.00785,0.242
136,Junco hyemalis,0.02,0.25,0.011,0.368
137,Tachycineta bicolor,0.0201,0.319,0.0135,0.369
138,Hirundo rustica,0.0186,0.324,0.014,0.349
139,Aegithalos caudatus,0.00713,0.181,0.00727,0.174
140,Certhia familiaris,0.00833,0.194,0.00812,0.195
141,Corvus corone,0.553,0.925,0.147,4.07
142,Corvus monedula,0.181,0.6,0.0618,1.81
143,Garrulus glandarius,0.15,0.548,0.0662,1.58
144,Calcarius lapponicus,0.022,0.286,0.0139,0.394
145,Emberiza citrinella,0.0292,0.267,0.0141,0.484
146,Emberiza pusilla,0.014,0.212,0.00946,0.284
147,Emberiza schoeniclus,0.0181,0.242,0.012,0.342
148,Fringilla coelebs,0.0228,0.262,0.013,0.405
149,Fringilla montifringilla,0.0232,0.266,0.0125,0.41
150,Pyrrhula pyrrhula,0.0257,0.274,0.0146,0.441
151,Parus caeruleus,0.0102,0.198,0.00831,0.226
152,Parus major,0.0161,0.232,0.0113,0.315
153,Prunella modularis,0.0171,0.211,0.00895,0.329
154,Phylloscopus collybita,0.00833,0.185,0.00721,0.195
155,Phylloscopus trochilus,0.00824,0.198,0.00787,0.194
156,Regulus regulus,0.00542,0.156,0.00525,0.143
157,Sylvia atricapilla,0.021,0.226,0.00983,0.381
158,Troglodytes troglodytes,0.00878,0.154,0.00529,0.203
159,Erithacus rubecula,0.0161,0.222,0.0101,0.315
160,Phoenicurus phoenicurus,0.0149,0.233,0.0106,0.297
161,Anhinga anhinga,1.24,1.16,0.174,4.43
162,Fregata magnificens,1.47,2.12,0.359,5.01
163,Pelecanus erythrorhynchos,5.09,2.47,0.68,12.3
164,Pelecanus rufescens,4.8,2.22,0.645,11.8
165,Pelecanus onocrotalus,7.3,2.86,0.934,16
166,Pelecanus occidentalis,3.39,2.24,0.467,9.16
167,Phaethon aetherius,0.65,1.08,0.11,2.78
168,Phaethon lepturus,0.37,0.918,0.0847,1.85
169,Phalacrocorax aristotelis,1.75,1.04,0.157,5.68
170,Phalacrocorax atriceps,2.23,1.13,0.183,6.77
171,Phalacrocorax auritus,1.68,1.19,0.182,5.51
172,Phalacrocorax carbo,2.56,1.35,0.224,7.48
173,Sula bassana,3,1.85,0.262,8.39
174,Sula leucogaster,1.25,1.51,0.191,4.45
175,Sula sula,1.05,1.47,0.206,3.93
176,Sphyrapicus varius,0.0503,0.39,0.0239,0.436
177,Colaptes auratus,0.142,0.497,0.0465,0.924
178,Diomedea exulans,8.73,3.01,0.592,18.2
179,Diomedea chrysostoma,3.79,2.18,0.334,9.93
180,Diomedea melanophris,3.79,2.19,0.354,9.93
181,Oceanites oceanicus,0.038,0.396,0.0216,0.356
182,Hydrobates pelagicus,0.0258,0.355,0.0161,0.269
183,Oceanodroma leucorhoa,0.034,0.47,0.0289,0.329
184,Garrodia nereis,0.0285,0.348,0.0173,0.289
185,Pelecanoides urinatrix,0.133,0.408,0.0221,0.881
186,Pelecanoides georgicus,0.122,0.388,0.0197,0.828
187,Daption capensis,0.418,0.875,0.0773,2.02
188,Fulmarus glacialis,0.824,1.13,0.119,3.29
189,Macronectes giganteus,5.19,1.98,0.326,12.5
190,Macronectes halli,5.19,2.01,0.331,12.5
191,Pachyptila desolata,0.155,0.636,0.047,0.985
192,Procellaria aequinoctialis,1.37,1.41,0.167,4.76
193,Puffinus lherminieri,0.168,0.671,0.0461,1.04
194,Puffinus puffinus,0.39,0.82,0.06,1.92
195,Athene cunicularia,0.155,0.6,0.0555,0.985
196,Bubo virginianus,1.35,1.27,0.256,4.71
197,Otus asio,0.181,0.523,0.0475,1.1
198,Tyto alba,0.466,1.05,0.151,2.18
199,Anser anser,3.65,1.6,0.333,9.66
200,Branta canadensis,5.34,1.69,0.372,12.7
201,Clangula hyemalis,0.636,0.69,0.058,2.73
202,Coscoroba coscoroba,4.6,1.76,0.384,11.4
203,Mergus serrator,0.908,0.86,0.0767,3.53
204,Neochen jubata,1.88,1.25,0.228,5.98
205,Somateria mollissima,1.91,0.978,0.131,6.05
206,Calidris alpina,0.0435,0.365,0.016,0.393
207,Calidris canutus,0.127,0.538,0.0332,0.852
208,Limnodromus griseus,0.113,0.48,0.0277,0.783
209,Milvus milvus,0.851,1.5,0.304,3.37
210,Vultur gryphus,11.2,2.53,0.933,21.7
211,Falco jugger,0.652,1.08,0.157,2.78
212,Perdix perdix,0.39,0.5,0.0457,1.92
213,Porzana carolina,0.075,0.36,0.0218,0.583
214,Dinemellia dinemelli,0.064,0.434,0.0397,0.854
215,Jynx torquilla,0.0297,0.292,0.015,0.298
216,Aechmophorus occidentalis,1.48,0.794,0.0758,5.03
217,Phoebetria palpebrata,2.56,2.18,0.338,7.48
218,Fregetta tropica,0.065,0.46,0.0288,0.525
219,Halobaena caerulea,0.202,0.69,0.0519,1.19
220,Asio otus,0.28,0.936,0.13,1.51