﻿Species (common name),latin name,n (wing),Mass (kg),Wing span (m),Wing area (m2),Wing loading (N m¯2),Aspect ratio
Wandering albatross,Diomedea exulans,3,8.73,3.03,0.611,140,15
Black-browed albatross,Diomedea melanophris,3,3.79,2.16,0.356,104,13.1
Grey-headed albatross,Diomedea chrysostoma,1,3.79,2.18,0.352,106,13.5
Sooty albatross,Phoebetria palpebrata,1,2.84,2.18,0.338,82.4,14.1
Giant petrel,Macronectes giganteus,4,5.19,1.99,0.331,154,12
White-chinned petrel,Procellaria aequinoctialis,2,1.37,1.4,0.169,79.5,11.6
Cape pigeon,Daption capensis,2,0.433,0.875,0.0773,55,9.9
Dove prion,Pachyptila desolata,5,0.168,0.626,0.046,35.8,8.52
Wilson's storm petrel,Oceanites oceanicus,3,0.038,0.393,0.0219,17,7.05
Fulmar,Fulmarus glacialis,3,0.815,1.13,0.124,64.5,10.3
Puffin,Fratercula arctica,20,0.398,0.549,0.037,106,8.17
Guillemot,Uria aalge,3,0.95,0.707,0.0544,171,9.19
Razorbill,Alca torda,3,0.62,0.661,0.0462,132,9.46
S. Georgia diving petrel,Pelecanoides georgicus,3,0.114,0.381,0.02,55.9,7.26
Common diving petrel,Pelecanoides urinatrix,2,0.137,0.393,0.0221,60.8,6.99
Great skua,Catharacta skua,6,1.35,1.37,0.214,61.9,8.77
Arctic skua,Stercorarius parasiticus,5,0.39,1.05,0.117,32.7,9.42
Kittiwake,Rissa tridactyla,3,0.387,0.965,0.101,37.6,9.22
Great black-backed gull,Larus marinus,1,1.56,1.69,0.317,48.3,9.01
Herring gull,Larus argentatus,1,0.94,1.31,0.181,50.9,9.48
Gannet,Morus bassanus,1,3.01,1 .85,0.262,113,13.1
Shag,Phalacrocorax aristotelis,4,1.81,1.04,0.158,112,6.85
Blue-eyed shag,Phalacrocorax atriceps,1,2.23,1.13,0.183,120,6.98