﻿common name,species,n,body mass (kg),girth length (m),single wing length (m),single wing area (m2)
emperor penguin,Aptenodytes forsteri,14,24.9,0.93,0.34,0.0235
king penguin,Aptenodytes patagonicus,4,12,0.66,0.32,0.0205
gentoo penguin,Pygoscelis papua,19,5.2,0.56,0.22,0.0098
Adélie penguin,Pygoscelis adeliae,6,3.8,0.49,0.17,0.0072
chinstrap penguin,Pygoscelis antarctica,10,3.8,0.5,0.18,0.0078
macaroni penguin,Eudyptes chrysolophus,7,3.2,0.46,0.19,0.0086
little penguin,Eudyptula minor,3,1.1,0.31,0.12,0.0035