﻿Species,sex,Average of BMAS g,Average of WSPN m,Average of WARE m^2,Count of Sex
Adelomyia melanogenys, F,3.377619047,0.119727273,0.001733377,21
Adelomyia melanogenys, M,3.847500006,0.126333333,0.001930636,24
Adelomyia melanogenys,Unknown,4.010000004,,0.00222603,1
Aglaeactis castelnaudii, F,6.653000001,0.187,0.003523147,10
Aglaeactis castelnaudii, M,7.025000102,0.194,0.003765801,2
Aglaeactis cupripennis, F,6.925999973,0.178083333,0.003797046,10
Aglaeactis cupripennis, M,7.038181843,0.192777778,0.004217296,11
Aglaeactis cupripennis,Unknown,7.629999998,,0.004602456,7
Aglaiocercus kingi, F,4.335000024,0.12725,0.002148776,4
Aglaiocercus kingi, M,4.867142899,0.162,0.002298358,7
Amazilia amabilis, M,4.032666574,0.12775,0.00158911,3
Amazilia amazilia, F,4.422500001,,0.001909184,4
Amazilia amazilia, M,4.511249999,,0.002080363,8
Amazilia chionogaster, F,5.700000004,,0.00224003,1
Amazilia chionogaster, M,4.949999807,0.136,0.002108183,1
Amazilia decora, F,4.5079999,0.12725,0.001814089,2
Amazilia decora, M,4.52850008,0.1335,0.002026336,2
Amazilia edward, F,4.428800011,0.1268,0.001711171,5
Amazilia edward, M,4.422999855,0.1245,0.001719079,2
Amazilia edward,Unknown,4.425499912,0.1235,0.001694039,2
Amazilia fimbriata, M,5.961666668,,0.002009325,2
Amazilia lactea, M,5.250000003,,0.002012558,5
Amazilia saucerrottei, F,4.491000175,0.1255,0.001648574,1
Amazilia tzacatl, F,5.113500073,0.13565,0.001961518,10
Amazilia tzacatl, M,5.565809538,0.13675,0.001918988,22
Amazilia viridicauda, F,5.900000005,,0.002367309,1
Amazilia viridicauda, M,5.533333334,,0.002226568,3
Anthracothorax nigricollis, F,7.899999995,,0.0026331,1
Archilochus alexandri, F,3.602000024,0.1045,0.001350354,2
Archilochus alexandri, M,3.183874985,0.1,0.001214095,8
Archilochus colubris, F,4.150916631,,0.001223022,12
Archilochus colubris, M,3.420736113,,0.001026964,12
Boissonneaua matthewsii, M,8.149999611,0.181,0.003835192,1
Calliphlox amethystina, F,3.199999998,,0.00075575,1
Calypte anna, F,3.976500033,0.117,0.001472794,2
Calypte anna, M,4.702649991,,0.001380783,20
Campylopterus hemileucurus, F,9.606999874,0.17375,0.003292593,6
Campylopterus hemileucurus, M,10.72799968,0.1835,0.003383971,1
Campylopterus largipennis, F,8.002000099,0.174795455,0.003713641,15
Campylopterus largipennis, M,9.550000031,0.184181818,0.004011191,21
Campylopterus largipennis, Unknown,9.300000181,,,1
Chaetocercus mulsant, F,3.553333298,0.099,0.000930756,3
Chaetocercus mulsant, M,3.449999938,0.094833333,0.000788023,4
Chalcostigma herrani, F,5.300000005,,0.00287011,1
Chalcostigma herrani, M,6.199999993,,0.003597,1
Chalcostigma ruficeps, F,3.445000056,0.1285,0.002083634,2
Chalcostigma ruficeps, M,3.849999907,0.141,0.002272417,1
Chalcostigma stanleyi, M,5.999999995,0.163,0.003045393,2
Chalybura urochrysia, F,6.151000025,0.1455,0.002216507,2
Chalybura urochrysia, M,7.165571488,0.161071429,0.002725067,7
Chlorostilbon assimilis, M,2.73900008,0.0965,0.001167037,1
Chlorostilbon canivetii, Unknown,2.388999941,,,1
Chlorostilbon mellisugus, F,3.179999985,0.109166667,0.00122525,3
Chlorostilbon mellisugus, M,3.090000034,0.11275,0.001355718,2
Chrysuronia oenone, F,4.453000018,0.121125,0.001492303,10
Chrysuronia oenone, M,4.760933287,0.126583333,0.001678564,15
Clytolaema rubricauda, M,8.823173172,,0.002749351,14
Coeligena coeligena, F,6.010000001,,0.003497865,6
Coeligena coeligena, M,7.562727272,,0.003823687,11
Coeligena iris, F,6.643999999,,0.003757041,10
Coeligena iris, M,6.669999999,,0.004205496,8
Coeligena torquata, F,7.837499998,,0.003750553,4
Coeligena torquata, M,8.199999996,,0.004367875,2
Coeligena violifer, F,7.955384613,0.171125,0.00396282,13
Coeligena violifer, M,8.252444548,0.184583333,0.004236353,9
Colibri coruscans, F,6.833823522,0.173184211,0.003395283,34
Colibri coruscans, M,8.794814878,0.190826923,0.003973366,27
Colibri coruscans,Unknown,9.120000075,0.1912,0.004087987,5
Colibri thalassinus, F,5.500999923,0.15025,0.002592331,2
Colibri thalassinus, M,5.265666701,0.168,0.002691626,3
Colibri thalassinus,Unknown,5.62357145,0.134,0.002528929,7
Cynanthus latirostris, F,3.599999902,0.123,0.001495047,1
Doryfera ludovicae, F,5.400000091,0.141,0.002223361,2
Doryfera ludovicae, M,5.482499957,0.1394375,0.00201754,8
Elvira chionura, F,3.301125018,0.1139375,0.001351548,8
Elvira chionura, M,3.203333299,0.12225,0.001518962,6
Ensifera ensifera, M,10.18,,0.00368064,1
Eriocnemis alinae, F,3.594999999,,0.001852255,2
Eriocnemis luciani, F,6.900000018,0.148,0.002961768,5
Eriocnemis luciani, M,6.627000029,0.1618,0.002999475,10
Eugenes fulgens, F,8.506999963,0.166,0.003143378,2
Eugenes fulgens, M,9.068949966,0.18,0.003458168,20
Eupherusa eximia, F,4.423250078,0.133,0.001837038,4
Eupherusa eximia, M,4.532000061,0.136,0.001896672,1
Eutoxeres aquila,Unknown,10.13949966,0.17175,0.003706184,2
Eutoxeres condamini, F,8.200000055,0.169,0.003171192,2
Eutoxeres condamini, M,10.54666665,0.179416667,0.003955259,9
Florisuga fusca, M,8.193962498,,0.00345352,8
Florisuga mellivora, F,6.323333339,0.15675,0.002600365,6
Florisuga mellivora, M,7.084666642,0.1651875,0.002688407,15
Glaucis aenea,Unknown,6.000142844,0.122833333,0.001948541,8
Glaucis hirsuta, F,6.168333318,0.1405,0.002344913,6
Glaucis hirsuta, M,7.580909099,0.15475,0.002846905,11
Glaucis hirsuta,Unknown,6.395000002,,0.002269611,6
Haplophaedia aureliae,Unknown,5.119999882,0.1445,0.002572908,1
Heliangelus amethysticollis, F,4.717499972,0.14625,0.002706943,4
Heliangelus amethysticollis, M,5.973636377,0.15609375,0.002863195,11
Heliangelus amethysticollis, Unknown,5.059999944,,,1
Heliangelus micraster, F,4.936363636,,0.002527017,11
Heliangelus micraster, M,5.600000001,,0.002795927,6
Heliangelus viola, F,5.329999999,,0.002324115,2
Heliangelus viola, M,5.683999999,,0.002422714,5
Heliangelus viola,Unknown,4.859999997,,0.002531,1
Heliodoxa aurescens, M,6.252500025,0.151625,0.002358827,4
Heliodoxa branickii, M,6.564999818,0.1575,0.002657554,2
Heliodoxa jacula, F,7.719999798,0.157,0.002854483,1
Heliodoxa jacula, M,8.909999856,0.1735,0.003350556,1
Heliodoxa leadbeateri, F,6.810769239,0.1535,0.002603701,13
Heliodoxa leadbeateri, M,7.162857126,0.1727,0.002996448,14
Heliodoxa rubinoides, M,8.250000009,,0.00322693,1
Hylocharis eliciae, M,4.030000212,0.105,0.001361422,1
Klais guimeti, F,2.664999963,0.11125,0.001341185,2
Lafresnaya lafresnayi, F,5.081666664,,0.002600193,6
Lafresnaya lafresnayi, M,5.117500024,0.1535,0.002586005,4
Lampornis cinereicauda, F,5.17959998,0.1397,0.002045353,5
Lampornis cinereicauda, M,6.162600014,0.1541,0.002481562,5
Lampornis clemenciae, M,8.325749887,0.1789,0.003402357,8
Lesbia nuna, F,3.815000007,0.127666667,0.001678062,14
Lesbia nuna, M,3.988333337,0.1346,0.00178524,12
Lesbia victoriae, F,4.200000003,,0.001742101,2
Lesbia victoriae, M,5.405,,0.002365255,5
Leucippus taczanowski, M,6.903333332,,0.002485373,3
Leucochloris albicollis, M,6.262867983,,0.001957866,8
Lophornis chalybeus, M,3.266678922,,0.000931744,4
Lophornis delattrei, F,2.784999966,0.098,0.000791434,2
Metallura aeneocauda, F,5.175000192,0.139,0.002454765,2
Metallura aeneocauda, M,5.29909097,0.146409091,0.00256951,11
Metallura eupogon, F,5,,0.002581602,8
Metallura eupogon, M,5.375,,0.002953737,4
Metallura phoebe, F,5.517500001,,0.003160189,8
Metallura phoebe, M,6.449999997,,0.003871158,10
Metallura tyrianthina, F,3.630810814,0.126272727,0.001990706,37
Metallura tyrianthina, M,3.786981124,0.134233333,0.002221681,53
Metallura tyrianthina,Unknown,3.699999999,,0.00262834,1
Microchera albocoronata, F,2.63199997,0.095,0.000914173,1
Myrmia micrura, F,2.059999998,,0.00087814,1
Myrtis fanny, F,2.699999999,,0.001104875,4
Ocreatus underwoodii, F,2.94285715,0.105,0.00102504,7
Ocreatus underwoodii, M,3.010000009,0.106916667,0.001059309,10
Oreonympha nobilis, F,6.474999908,0.1735,0.003403678,4
Oreonympha nobilis, M,7.590000076,0.1905,0.004078021,5
Oreotrochilus chimborazo, M,8.837500001,,0.003798077,6
Oreotrochilus estella, F,7.278124944,0.1635,0.003215481,8
Oreotrochilus estella, M,9.277500094,0.173200002,0.003655145,4
Oreotrochilus melanogaster, F,6.07777778,,0.003094936,9
Oreotrochilus melanogaster, M,7.757142853,,0.003314081,7
Panterpe insignis, F,5.205999847,0.142,0.002613601,1
Panterpe insignis, M,6.376999978,0.155,0.002903283,4
Panterpe insignis,Unknown,6.171428575,,0.002786535,15
Patagona gigas, F,19.98099988,0.3015,0.009641149,10
Patagona gigas, M,22.80999992,0.304,0.010916675,6
Phaeochroa cuvierii, F,7.032249931,0.151,0.002590221,4
Phaeochroa cuvierii, M,8.943499919,0.165375,0.00299547,4
Phaeochroa cuvierii,Unknown,10.50075006,0.172,0.003443865,4
Phaethornis guy, F,4.700000001,,0.002038759,1
Phaethornis guy, M,5.025,0.143,0.002196138,4
Phaethornis guy,Unknown,5.59999991,0.139,0.002120509,1
Phaethornis hispidus, F,5.220000009,0.136714286,0.002162725,9
Phaethornis hispidus, M,5.298888916,0.1458,0.002507361,9
Phaethornis hispidus, Unknown,5.889999867,,,1
Phaethornis hispidus,Unknown,4.968750001,,0.002155025,8
Phaethornis koepckeae, F,4.965000031,0.141875,0.002460694,8
Phaethornis koepckeae, M,5.513636374,0.1460625,0.002567662,12
Phaethornis koepckeae,Unknown,5.539999958,0.143333333,0.002159471,3
Phaethornis longirostris,Unknown,6.541176469,,0.00203535,18
Phaethornis longuemareus, M,2.335000038,0.087,0.000795832,1
Phaethornis longuemareus,Unknown,2.704750002,0.09,0.000854984,8
Phaethornis malaris, F,5.720624975,0.139583333,0.002328038,16
Phaethornis malaris, M,6.062857154,0.141708333,0.002566844,21
Phaethornis malaris,Unknown,5.338749977,0.1485,0.002226732,8
Phaethornis ruber, M,2.853999992,0.094375,0.001035982,5
Phaethornis ruber,Unknown,2.449999991,0.099,0.000722117,10
Phaethornis striigularis,Unknown,2.9225,,0.000854321,21
Phaethornis superciliosus,Unknown,6.612000081,0.1438,0.002331396,5
Phaethornis syrmatophorus, F,5.630000002,,0.0023406,1
Phaethornis syrmatophorus, M,5.322500001,,0.00220394,4
Polyonymus caroli, F,4.799999996,,0.00231525,1
Pterophanes cyanopterus, F,9.833333338,,0.006616962,3
Pterophanes cyanopterus, M,11.55,,0.00769085,2
Ramphodon naevius, M,9.161370008,,0.003108612,5
Schistes geoffroyi, F,3.630000015,0.1165,0.001537899,3
Schistes geoffroyi, M,3.820000002,0.1245,0.001725925,8
Selasphorus flammula, F,2.788545438,0.097666667,0.001090016,11
Selasphorus flammula, M,2.443500013,0.092571429,0.000970439,10
Selasphorus platycercus, F,3.531400003,0.121681818,0.001674118,15
Selasphorus platycercus, M,3.640000009,0.119,0.001582074,12
Selasphorus platycercus, Unknown,,,,1
Selasphorus rufus, F,3.669555563,0.107163529,0.001207285,23
Selasphorus rufus, M,3.598588226,0.097909091,0.000949523,18
Selasphorus rufus, Unknown,,,,2
Stellula calliope, F,2.193000077,0.102,0.000961218,1
Stellula calliope, M,3.102999924,0.094,0.000798514,1
Stephanoxis lalandi, M,3.499999999,,0.001655022,2
Taphrospilus hypostictus, F,7.150000003,,0.00261314,1
Taphrospilus hypostictus, M,7.025000006,,0.00242697,2
Taphrospilus hypostictus,Unknown,7.080000164,0.1655,0.002835688,2
Thalurania colombica, F,4.500833353,0.124166667,0.00153239,6
Thalurania colombica, M,4.74159999,0.12875,0.001662253,10
Thalurania furcata, F,4.3181818,0.127,0.001745918,11
Thalurania furcata, M,4.823000011,0.134,0.001946444,49
Thalurania furcata, Unknown,5.970000094,,,2
Thalurania furcata,Unknown,4.392500029,0.1295,0.001751515,4
Thalurania glaucopis, M,5.028010671,,0.001881679,15
Thaumastura cora, F,2.550000001,,0.001055845,2
Thaumastura cora, M,2.45,,0.000973141,2
Threnetes leucurus, F,5.815000013,0.138888889,0.002194256,12
Threnetes leucurus, M,6.34781815,0.150045455,0.002471314,12
Threnetes leucurus, Unknown,4.050000194,,,1
Threnetes leucurus,Unknown,5.535000045,0.137,0.002258831,2
Threnetes ruckeri,Unknown,6.293642882,0.1322,0.001955063,14