﻿,Species-common name,Species-latin name,n,Mass (g),s.d.,Wing span (mm),s.d.,Wing area (cm2),s.d.,Body area (cm2),s.d.,Wing load (N m-2),s.d.,Aspect ratio,s.d.,Ref
Small albatrosses,Black-browed Albatross*,Diomedea melanophris,3,3790,,2160,,3560,,, ,104,,13.1,,Pennycuick 1987a
Small albatrosses,Grey-headed Albatross*,Diomedea chrysostoma,1,3790,,2180,,3520,, ,,106,,13.5,,Pennycuick 1987a
Small albatrosses,Waved Albatross,Diomedea irrorata,1,2920,,2215,,3455,,535,,82,,14.2,,Spear 1997
Small albatrosses,Black-footed Albatross,Diomedea nigripes,2,3980,,2265,,3607,,581,,108,,14.2,,Spear 1997
Small albatrosses,Laysan Albatross,Diomedea immutabilis,1,3375,,2020,,3215,,560,,103,,12.7,,Spear 1997
Small albatrosses,Light-mantled Sooty Albatross*,Phoebetria palpebrata,1,2840,,2180,,3380,, ,,82,,14.1,,Pennycuick 1987a
Fulmarine petrels,Giant Petrel*,Macronectes spp.,4,5190,,1990,,3310,, ,,154,,12,,Spear 1997
Fulmarine petrels,White-chinned Petrel*,Procellaria aequinoctialis,2,1370,,1400,,1690,, ,,80,,11.6,,Pennycuick 1987a
Fulmarine petrels,Northern Fulmar,Fulmarus glacialis,8,693,49,1035,44,1095,65,150,16,62,5,9.8,0.5,Spear 1997
Fulmarine petrels,Southern Fulmar,Fulmarus glacialoides,10,776,86,1062,37,1169,76,154,22,66,6,9.7,0.4,Spear 1997
Fulmarine petrels,Cape Petrel,Daption capense,10,444,65,873,55,785,66,128,50,56,7,9.7,0.5,Spear 1997
Fulmarine petrels,Snow Petrel,Pagodroma nivea,37,329,47,826,35,711,62,84,23,45,5,9.6,0.5,Spear 1997
Fulmarine petrels,Antarctic Petrel,Thalassoica antarctica,27,733,79,1035,30,963,43,143,22,75,8,11.1,0.6,Spear 1997
Blue Petrels and prions,Blue Petrel,Halobaena caerulea,12,203,22,699,17,491,16,64,8,41,4,10,0.5,Spear 1997
Blue Petrels and prions,Antarctic Prion,Pachyptila vittata desolata,5,168,5,621,5,467,13,60,5,35,1,8.3,0.2,Spear 1997
Blue Petrels and prions,Antarctic Prion*,Pachyptila vittata desolata,5,168, ,626, ,460, , ,,36,,8.5, ,Pennycuick 1987a
Blue Petrels and prions,Slender-billed Prion,Pachyptila belcheri,2,150, ,592, ,411, ,52,,36,,8.6, ,Spear 1997
Large gadfly petrels,Juan Fernandez Petrel,Pterodroma externa,110,421,42,1067,22,1041,42,164,21,40,3,10.9,0.3,Spear 1997
Large gadfly petrels,White-necked Petrel,Pterodroma cervicalis,7,412,29,1053,14,998,46,179,13,40,3,11.1,0.4,Spear 1997
Large gadfly petrels,lhhiti Petrel,Pterodroma rostrata,75,411,40,1047,30,938,50,147,18,43,4,11.7,0.4,Spear 1997
Large gadfly petrels,Phoenix Petrel,Pterodroma alba,16,287,34,947,23,803,39,114,15,35,5,11.2,0.3,Spear 1997
Large gadfly petrels,Herald Petrel,Pterodroma heraldica,4,266,29,934,16,778,26,138,20,34,5,11.2,0.1,Spear 1997
Large gadfly petrels,Mottled Petrel,Pterodroma inexpectata,2,358,,842, ,633, ,102, ,56,,11.3, ,Spear 1997
Large gadfly petrels,Kerguelen Petrel,Pterodroma brevirostris,3,340,16,883,24,681,42,105,18,49,2,11.5,0.1,Spear 1997
Large gadfly petrels,Murphy's Petrel,Pterodroma ultima,7,374,29,962,11,867,39,134,7,43,4,10.7,0.4,Spear 1997
Large gadfly petrels,Kermadec Petrel,Pterodroma neglecta,12,369,34,1010,12,968,34,172,20,37,3,10.6,0.4,Spear 1997
Small gadfly petrels,Bonin Petrel,Pterodroma hypoleuca,6,172,8,766,18,551,28,97,12,30,3,10.3,0.2,Spear 1997
Small gadfly petrels,White-winged Petrel,Pterodroma leucoptera,63,160,16,748,25,559,25,85,13,28,3,10,0.4,Spear 1997
Small gadfly petrels,Collared Petrel,Pterodroma brevipes,1,121, ,713, ,524, ,69,,23,,9.7, ,Spear 1997
Small gadfly petrels,Black-winged Petrel,Pterodroma nigripennis,55,151,11,756,14,559,25,86,14,27,2,10.2,0.4,Spear 1997
Small gadfly petrels,Stejneger's Petrel,Pterodroma longirostris,27,143,9,718,11,529,21,82,11,26,1,9.8,0.3,Spear 1997
Small gadfly petrels,Pycroft's Petrel,Pterodroma pycrofti,1,112,,693, ,495, ,68, ,22,,9.7, ,Spear 1997
Small gadfly petrels,Bulwer's Petrel,Bulweria bulwerii,34,90,11,650,18,450,30,61,8,20,2,9.4,0.4,Spear 1997
Surface-feeding shearwaters,Wedge-tailed Shearwater,Puffinus pacificus,34,385,38,1040,39,1051,83,173,35,36,3,10.3,0.5,Spear 1997
Surface-feeding shearwaters,Buller's Shearwater,Puffinus bulleri,2,397, ,997, ,1036, ,173, ,38, ,9.6, ,Spear 1997
Diving shearwaters,Sooty Shearwater,Puffinus griseus,20,799,88,1026,16,893,33,160,9,88,9,11.8,0.4,Spear 1997
Diving shearwaters,Slender-billed Shearwater,Puffinus tenuirostris,15,502,77,930,28,763,47,122,10,65,9,11.4,0.5,Spear 1997
Manx shearwaters,Newell's Shearwater,Puffinus newelli,20,378,31,800,13,623,33,109,23,60,5,10.3,0.5,Spear 1997
Manx shearwaters,Christmas Shearwater,Puffinus nativitatis,2,335, ,831, ,694, ,127, ,48, ,10, ,Spear 1997
Oceanites,Wilson's Storm Petrel*,Oceanites oceanicus,3,38, ,393, ,219, , , ,17, ,7.1, ,Pennycuick 1987a
Frigate petrels,White-faced Storm-Petrel,Pelagodroma marina,2,41, ,434, ,266,,24, ,15,,7.1, ,Spear 1997
Frigate petrels,White-throated Storm Petrel,Nesofregetta fuliginosa,6,70,5,515,13,409,25,48,5,17,1,6.5,0.5,Spear 1997
Frigate petrels,White-bellied Storm Petrel,Fregetta grallaria,9,45,5,447,13,283,17,30,7,16,2,7.1,0.1,Spear 1997
Frigate petrels,Leach's Storm Petrel,Oceanodroma leucorhoa,26,41,3,469,11,286,13,36,5,14,1,7.7,0.3,Spear 1997
Oceanodroma,Wedge-rumped Storm-Petrel,Oceanodroma tethys,32,24,1,394,13,202,15,23,4,12,1,7.7,0.4,Spear 1997
Oceanodroma,Common Diving Petrel,Pelecanoides urinatrix,2,150, ,425,,221, ,41,,67,,8.1, ,Spear 1997
Diving petrels,South Georgia Diving Petrel*,Pelecanoides georgicus,3,114, ,381,,200, , ,,56,,7.3, ,Pennycuick 1987a
Diving petrels,Red-tailed Tropicbird,Phaethon rubricauda,3,765,120,1133,16,1228,51,228,16,61,11,10.5,0.7,Spear 1997
Tropicbirds and pelicans,Red-billed Tropicbird,Phaethon aethereus,1,638, ,1005, ,1095,,215,,57, ,10.8, ,Spear 1997
Tropicbirds and pelicans,Brown Pelican,Pelecanus occidentalis,21,4120,531,2224,87,4920,310,454,19,82,9,10.1,0.5,Spear 1997
Tropicbirds and pelicans,Northern Gannet*,Sula bassanus,1,3010, ,1850,,2620, , , ,113, ,13.1, ,Pennycuick 1987a
Boobies,Masked Booby,Sula dactylatra,3,1750,132,1563,15,2148,63,408,7,80,8,11.4,0.3,Spear 1997
Boobies,Red-footed Booby,Sula sula,5,1195,145,1526,42,2119,104,396,19,55,7,11,0.5,Spear 1997
Boobies,Red-footed Booby#,Sula sula,10,1069,135,1510,32,2000,95, , ,52,6,11.3,0.3,Ballance 1995
Boobies,Brown Booby,Sula leucogaster,2,1348, ,1475,,1995, ,390, ,66, ,10.9, ,Spear 1997
Boobies,Blue-tooted Booby,Sula nebouxii,2,1428, ,1555,,2126, ,392, ,66, ,11.4, ,Spear 1997
Boobies,Shag*,Phalacrocorax aristotelis,4,1810, ,1040,,1580, , , ,112, ,6.9, ,Pennycuick 1987a
Cormorants and frigate birds,Imperial Shag*,Phalacrocorax atric.eps,1,2230, ,1130,,1830, , , ,120, ,7, ,Pennycuick 1987a
Cormorants and frigate birds,Brandt's Cormorant,Phalacrocorax penicillatus,7,1869,267,1083,54,1865,159,340,34,98,11,6.3,0.3,Spear 1997
Cormorants and frigate birds,Pelagic Cormorant,Phalacrocorax pelagicus,8,1156,80,954,58,1450,199,267,26,79,10,6.3,0.4,Spear 1997
Cormorants and frigate birds,Great Frigatebird,Fregata minor,3,1230,169,1980,36,3540,82,499,38,34,4,11.1,0.6,Spear 1997
Cormorants and frigate birds,Grey Phalarope,Phalaropus fulicaria,3,39,1,424,15,228,23,38,3,17,2,7.8,0.9,Spear 1997
Phalaropes,Red-necked Phalarope,Phalaropus lobatus,3,37,4,352,8,195,18,35,3,18,2,6.4,1.1,Spear 1997
Phalaropes,Great Skua*,Catharacta skua,6,1350, ,1370, ,2140,, , ,62,,8.8, ,Pennycuick 1987a
Skuas,Brown Skua,Catharacta lonnbergi,3,1440,44,1370,35,2286,124,387,13,61,3,8.5,0.1,Spear 1997
Skuas,South Polar Skua,Catharacta maccormicki,6,1237,103,1340,20,2070,69,338,25,59,5,8.7,0.3,Spear 1997
Skuas,Pomarine Skua,Stercorarius pomarinus,4,654,24,1176,34,1533,78,231,9,42,3,9,0.4,Spear 1997
Skuas,Arctic Skua,Stercorarius parasiticus,6,367,81,1038,30,1115,57,156,10,32,6,9.7,0.2,Spear 1997
Skuas,Long-tailed Skua,Stercorarius longicaudus,7,275,41,956,31,880,63,144,18,31,3,10.4,0.7,Spear 1997
Skuas,Great Black-backed Gull*,Larus marinus,1,1560, ,1690, ,3170, , , ,48,,9,,Spear 1997
Large gulls,Western Gull,Larus occidentalis,21,1037,178,1436,62,2235,192,232,35,45,5,9.3,0.6,Spear 1997
Large gulls,Herring Gull,Larus argentatus,10,1102,170,1486,60,2284,156,279,45,48,6,9.4,0.5,Spear 1997
Large gulls,Glaucous-winged Gull,Larus glaucescens,7,1176,177,1458,52,2458,188,288,61,48,7,8.7,0.6,Spear 1997
Large gulls,Thayer's Gull,Larus thayeri,3,897,238,1376,68,1993,179,196,25,44,9,9.5,0.3,Spear 1997
Large gulls,California Gull,Larus californicus,1,560, ,1210, ,1478, ,177,,37, ,9.9, ,Spear 1997
Medium-sized gulls,Heermann's Gull,Larus heermannii,11,469,40,1135,35,1308,109,161,39,35,6,9.8,0.4,Spear 1997
Medium-sized gulls,Swallow-tailed Gull,Larus furcatus,2,690, ,1368, ,1878,,188, ,36,,10, ,Spear 1997
Medium-sized gulls,Black-legged Kittiwake,Rissa tridactyla,2,368, ,1038, ,1015,,144, ,38,,10.6, ,Spear 1997
Medium-sized gulls,Franklin's Gull,Larus pipircan,1,255, ,1015, ,945,,95, ,26,,10.9, ,Spear 1997
Small gulls,Sooty Tern,Sterna fuscata,14,176,15,840,20,712,33,70,9,24,3,9.9,0.5,Spear 1997
Terns,Arctic Tern,Sterna paradisaea,2,103, ,733,,495, ,49,,20, ,10.9, ,Spear 1997
Terns,Forster's Tern,Sterna forsteri,2,141, ,782,,589, ,60,,21, ,10.4, ,Spear 1997
Terns,White Tern,Gygis alba,1,95, ,725,,522, ,70,,18, ,10.1, ,Spear 1997
Terns,Inca Tern,Inrosterna inca,1,219, ,870,,765, ,81,,28, ,9.9, ,Spear 1997
Terns,Brunnich's Guillemot,Uria lomvia,10,1033,37,727,33,560,5,143,22,182,15,9.5,0.3,Spear 1997
Large alcids,Guillemot,Uria aalge,1,1050, ,730, ,560,,148, ,184, ,9.5, ,Spear 1997
Large alcids,Razorbill*,Alca torda,3,620, ,661, ,462, , , ,132, ,9.5,,Pennycuick 1987a
Medium-sized alcids,Pigeon Guillemot,Cephus columba,12,470,32,578,21,422,24,63,8,109,8,7.9,0.5,Spear 1997
Medium-sized alcids,Rhinoceros Auklet,Cerorhinca monocerata,7,560,56,615,34,440,28,89,12,126,17,8.6,0.7,Spear 1997
Medium-sized alcids,Atlantic Puffin*,Fratercula arctica,3,398, ,549, ,369, , , ,106, ,8.2, ,Pennycuick 1987a
Medium-sized alcids,Horned Puffin,Fratercula corniculata,10,663,46,607,22,434,28,97,11,150,12,8.5,0.3,Spear 1997
Medium-sized alcids,Tufted Puffin,Fratercula clrrhata,25,799,62,662,28,512,37,119,15,153,13,8.6,0.4,Spear 1997
Medium-sized alcids,Ancient Murrelet,Synthliboramphus antiquus,1,215, ,446, ,244,,54, ,86, ,8.2, ,Spear 1997
Small alcids,Xantus' Murrelet,Synthliboramphus hypoleuca,1,200, ,421, ,207,,36, ,94, ,8.6, ,Spear 1997
Small alcids,Craveri's Murrelet ,Synthliboramphus craveri,1,172, ,412, ,189,,37, ,89, ,9, ,Spear 1997
Small alcids,Marbled Murrelet,Brachyramphus marmoratus,3,226,19,443,19,240,23,50,9,92, ,8.2, ,Spear 1997
Small alcids,Cassin ys Auklet,Ptychoramphus aleuticus,26,190,18,441,10,262,14,49,3,71,7,7.5,0.3,Spear 1997
Small alcids,Parakeet Auklet,Cyclorrhynchus psittacula,1,282, ,502,,334,,80, ,83,,7.5,,Spear 1997
Small alcids,Crested Auklet,Aethia cristatella,4,277,11,480,29,283,34,63,9,97,11,8.2,0.5,Spear 1997
Small alcids,Least Auklet,Aethia pusilla,3,104,2,325,25,144,9,28,3,71,3,7.3,0.8,Spear 1997
,,,,,,,,,,,,,,,, 