﻿Order,Taxon,Weight (kg),Wing area (m2),Wing span (m),Aspect ratio,Wing loading (N/m2),General ecological division,Reference
Galliformes,Coturnix japonica,0.159,0.0234,0.38,6.2,66.7,Ground,1
Galliformes,Coturnix chinensis,0.057,0.0081,0.24,6.8,69.1,Ground,1
Galliformes,Phasianus versicolor,0.867,0.0809,0.72,6.4,105.1,Ground,1
Columbiformes,Streptopelia orientalis,0.147,0.0326,0.44,5.9,44.3,Ground,2
Columbiformes,Columba livia,0.3,0.0567,0.56,5.5,51.9,Ground,1
Pelecaniformes,Nycticorax nyctiorax,0.8,0.1236,0.98,7.8,63.5,Semi-aquatic,2
Pelecaniformes,Egretta garzetta,0.541,0.1011,0.92,8.3,52.5,Semi-aquatic,2
Pelecaniformes,Ardea cinerea,1.26,0.33,1.62,8,37.5,Semi-aquatic,1
Charadriiformes,Charadrius dubius,0.04,0.0119,0.35,10,33,Semi-aquatic,2
Charadriiformes,Larus ridibundus,0.321,0.0859,0.86,8.6,36.7,Semi-aquatic,2
Charadriiformes,Actitis hypoleucos,0.061,0.0105,0.34,10.8,56.7,Semi-aquatic,2
Accipitridae,Pandion haliaetus,1.5,0.4016,1.61,6.5,36.6,Arboreal,2
Falconidae,Milvus migrans,1.01,0.6751,1.85,5.1,14.7,Arboreal,1
Falconidae,Milvus migrans,1.035,0.69,1.96,5.6,14.7,Arboreal,1
Falconidae,Milvus migrans,0.94,0.658,1.88,5.4,14,Arboreal,1
Passeriformes,Motacilla cinerea,0.026,0.014,0.33,7.5,18.2,Arboreal,1
Passeriformes,Motacilla cinerea,0.023,0.0129,0.31,7.4,17.5,Arboreal,1
Passeriformes,Motacilla alba leucopsis,0.022,0.0144,0.3,6.3,15,Arboreal,1
Passeriformes,Motacilla grandis,0.024,0.0153,0.33,7.1,15.4,Arboreal,1
Passeriformes,Passser montanus,0.024,0.0135,0.23,3.8,17.4,Arboreal,1
Passeriformes,Passser montanus,0.022,0.0134,0.21,3.1,16.1,Arboreal,1
Passeriformes,Corvus corone,0.99,0.3207,1.18,4.3,30.3,Arboreal,1
Passeriformes,Corvus corone,1.013,0.365,1.23,4.1,27.2,Arboreal,1