﻿Order,Taxon,Weight (kg),Wing area (m²),Wing span (m),Aspect ratio,Wing loading (N/m2),General ecological division,Reference
Galliformes,Tetrao urogallus,2.7,0.1785,1.16,7.5,148.4,Ground,1
Galliformes,Tetrao tetrix,2.6,0.18,1.13,7.1,141.7,Ground,1
Galliformes,Tetrao tetrix,1.45,0.138,1.02,7.5,103.1,Ground,1
Galliformes,Tetrao tetrix,1.35,0.0995,0.82,6.8,133.1,Ground,1
Galliformes,Tetrao tetrix,1.03,0.085,0.8,7.5,118.9,Ground,1
Galliformes,Tetrao tetrix,1.2,0.088,0.87,8.6,133.8,Ground,1
Galliformes,Tetrao tetrix,0.73,0.053,0.625,7.4,135.1,Ground,1
Galliformes,Tetrao tetrix,1,0.0775,0.75,7.3,126.6,Ground,1
Galliformes,Tetrao bonasia,0.37,0.034,0.52,8,106.8,Ground,1
Galliformes,Tetrao bonasia,0.375,0.0375,0.51,6.9,98.1,Ground,1
Galliformes,Lagopus alpinus,0.53,0.064,0.66,6.8,81.2,Ground,1
Galliformes,Lagopus alpinus,0.65,0.0452,0.6,8,141.1,Ground,1
Galliformes,Perdix rufa,0.38,0.04,0.51,6.5,93.2,Ground,1
Galliformes,Perdix cinerea,0.45,0.0365,0.6,9.9,120.9,Ground,1
Galliformes,Perdix cinerea,0.32,0.0336,0.51,7.7,93.4,Ground,1
Galliformes,Perdix cinerea,0.372,0.0382,0.49,6.3,95.5,Ground,1
Galliformes,Perdix cinerea,0.375,0.0366,0.53,7.7,100.5,Ground,1
Galliformes,Pavo crist　,3.1,0.348,1.28,4.7,87.4,Ground,1
Galliformes,Phasianus colchicus ,0.95,0.0755,0.64,5.4,123.4,Ground,1
Galliformes,Phasianus colchicus ,1.1,0.0855,0.72,6.1,126.2,Ground,1
Galliformes,Phasianus colchicus ,1,0.088,0.76,6.6,111.5,Ground,1
Galliformes,Phasianus colchicus ,1.57,0.0895,0.72,5.8,172.1,Ground,1
Galliformes,Phasianus colchicus ,1.25,0.0896,0.72,5.8,136.9,Ground,1
Galliformes,Phasianus colchicus ,1.125,0.09,0.73,5.9,122.6,Ground,1
Columbiformes,Columba livia ,0.232,0.0598,0.7,8.2,38.1,Ground,1
Columbiformes,Columba livia ,0.242,0.0541,0.64,7.6,43.9,Ground,1
Columbiformes,Columba livia ,0.335,0.065,0.64,6.3,50.6,Ground,1
Otididae,Otis tarda ,8.9,0.5729,2.07,7.5,152.4,Ground,1
Otididae,Otis tarda ,9.6,0.5937,2.08,7.3,158.6,Ground,1
Anseriformes,Anas　,0.606,0.0642,0.78,9.5,92.6,Semi-aquatic ,1
Anseriformes,Anas boschas　,0.88,0.0685,0.83,10.1,126,Semi-aquatic ,1
Anseriformes,Anas boschas　,1.1,0.09,0.94,9.8,119.9,Semi-aquatic ,1
Anseriformes,Anas boschas　,0.9,0.071,0.835,9.8,124.4,Semi-aquatic ,1
Anseriformes,Anas boschas　,0.9,0.0735,0.89,10.8,120.1,Semi-aquatic ,1
Anseriformes,Anas boschas　,0.95,0.0838,0.875,9.1,111.2,Semi-aquatic ,1
Anseriformes,Anas boschas　,0.9,0.0813,0.88,9.5,108.6,Semi-aquatic ,1
Anseriformes,Anas boschas　,1,0.0687,0.85,10.5,142.8,Semi-aquatic ,1
Anseriformes,Cygnus columbianus,3.07,0.4365,1.83,7.7,69,Semi-aquatic ,3
Anseriformes,Fuligula cristata ,1.116,0.0895,1.04,12.1,122.3,Semi-aquatic ,1
Anseriformes,Fuligula clangula　,0.827,0.048,0.69,9.9,169,Semi-aquatic ,1
Anseriformes,Fuligula glacialis　,0.922,0.055,0.74,10,164.5,Semi-aquatic ,1
Procellariiformes,Diomedea exulans,8.16,0.66,3.46,18.1,121.3,Semi-aquatic ,2
Procellariiformes,Diomedea exulans,8.73,0.61,3.03,15.1,140.4,Semi-aquatic ,2
Procellariiformes,Diomedea irrorata,2.04,0.36,2.31,14.8,55.6,Semi-aquatic ,2
Procellariiformes,Thalassarche melanophrys,3.79,0.36,2.16,13,103.3,Semi-aquatic ,2
Procellariiformes,Thalassarche chrysostoma,3.79,0.35,2.18,13.6,106.2,Semi-aquatic ,2
Procellariiformes,Phoebetria sp.,2.84,0.34,2.18,14,81.9,Semi-aquatic ,2
Procellariiformes,Macnonectes sp.,5.19,0.33,1.99,12,154.3,Semi-aquatic ,2
Procellariiformes,Procellaria aequinoctialis,1.37,0.17,1.4,11.5,79.1,Semi-aquatic ,2
Procellariiformes,Fulmarus sp.,0.82,0.12,1.13,10.6,67,Semi-aquatic ,2
Procellariiformes,Puffinus pacificus,0.38,0.1,1.01,10.2,37.3,Semi-aquatic ,2
Procellariiformes,Puffinus nativitatis,0.34,0.07,0.82,9.6,47.6,Semi-aquatic ,2
Ciconiiformes,Ciconia　,3.3,0.488,1.7,5.9,66.3,Semi-aquatic ,1
Ciconiiformes,Botaurus stellaris　,1.5,0.1915,1.2,7.5,76.8,Semi-aquatic ,1
Ciconiiformes,Ardea alba,1.28,0.3313,1.73,9,37.9,Semi-aquatic ,3
Charadriiformes,Haematopus ostralegus ,0.555,0.0722,0.81,9.1,75.4,Semi-aquatic ,1
Charadriiformes,Numenius arquatus,0.695,0.0936,0.935,9.3,72.8,Semi-aquatic ,1
Charadriiformes,Numenius arquatus,0.762,0.0924,0.98,10.4,80.9,Semi-aquatic ,1
Charadriiformes,Larus canus　,0.355,0.1118,1.08,10.4,31.1,Semi-aquatic ,1
Charadriiformes,Larus crassirostris,0.538,0.0781,0.945,11.4,67.6,Semi-aquatic ,4
Charadriiformes,Sterna cantiaca　,0.174,0.066,0.936,13.3,25.9,Semi-aquatic ,1
Charadriiformes,Sterna hirundo　,0.116,0.0427,0.79,14.6,26.7,Semi-aquatic ,1
Charadriiformes,Sterna minuta　,0.053,0.0185,0.5,13.5,28,Semi-aquatic ,1
Charadriiformes,Scolopax rusticola,0.3,0.05,0.63,7.9,58.9,Semi-aquatic ,1
Charadriiformes,Scolopax rusticola,0.32,0.05,0.64,8.2,62.8,Semi-aquatic ,1
Charadriiformes,Scolopax rusticola,0.3,0.0505,0.63,7.9,58.3,Semi-aquatic ,1
Charadriiformes,Scolopax gallinago,0.3,0.044,0.59,7.9,66.9,Semi-aquatic ,1
Charadriiformes,Scolopax gallinago,0.27,0.049,0.62,7.8,54.1,Semi-aquatic ,1
Charadriiformes,Scolopax gallinago,0.3,0.0505,0.6,7.1,58.3,Semi-aquatic ,1
Accipitridae,Haliaetus albicilla ,5,0.7973,2.26,6.4,61.5,Arboreal,1
Accipitridae,Haliaetus albicilla ,4.5,0.7,2.17,6.7,63.1,Arboreal,1
Accipitridae,Haliaetus albicilla ,4.7,0.62,2.09,7,74.4,Arboreal,1
Accipitridae,Astur palumbarius　,0.8,0.152,1.03,7,51.6,Arboreal,1
Accipitridae,Accipiter nisus　,0.26,0.08,0.75,7,31.9,Arboreal,1
Accipitridae,Accipiter nisus　,0.275,0.069,0.68,6.7,39.1,Arboreal,1
Accipitridae,Accipiter nisus　,0.15,0.0496,0.555,6.2,29.7,Arboreal,1
Accipitridae,Accipiter nisus　,0.25,0.071,0.69,6.7,34.5,Arboreal,1
Accipitridae,Buteo vulgaris　,0.9,0.261,1.3,6.5,33.8,Arboreal,1
Accipitridae,Buteo vulgaris　,0.9,0.259,1.26,6.1,34.1,Arboreal,1
Accipitridae,Buteo vulgaris　,0.8,0.221,1.25,7.1,35.5,Arboreal,1
Accipitridae,Buteo vulgaris　,0.6,0.217,1.17,6.3,27.1,Arboreal,1
Accipitridae,Buteo vulgaris　,1.217,0.235,1.23,6.4,50.8,Arboreal,1
Accipitridae,Archibuteo lagopus ,0.862,0.228,1.2,6.3,37.1,Arboreal,1
Accipitridae,Archibuteo lagopus ,1,0.2359,1.4,8.3,41.6,Arboreal,1
Accipitridae,Archibuteo lagopus ,0.89,0.202,1.29,8.2,43.2,Arboreal,1
Accipitridae,Archibuteo lagopus ,1,0.2445,1.35,7.5,40.1,Arboreal,1
Accipitridae,Archibuteo lagopus ,1,0.251,1.44,8.3,39.1,Arboreal,1
Accipitridae,Archibuteo lagopus ,0.9,0.222,1.32,7.8,39.8,Arboreal,1
Accipitridae,Archibuteo lagopus ,1.125,0.288,1.43,7.1,38.3,Arboreal,1
Accipitridae,Archibuteo lagopus ,0.75,0.242,1.37,7.8,30.4,Arboreal,1
Accipitridae,Butastur indicus,0.41,0.0907,0.8,7.1,44.3,Arboreal,3
Strigiformes,Strix flammea　,0.4,0.119,0.97,7.9,33,Arboreal,1
Strigiformes,Strix flammea　,0.25,0.144,0.97,6.5,17,Arboreal,1
Strigiformes,Strix uralensis,0.68,0.2207,0.87,3.4,30.2,Arboreal,3
Strigiformes,Asio otus,0.275,0.101,0.92,8.4,26.7,Arboreal,1
Strigiformes,Asio otus,0.232,0.1102,0.92,7.7,20.7,Arboreal,1
Strigiformes,Asyo brachyotus,0.37,0.123,1.03,8.6,29.5,Arboreal,1
Strigiformes,Smyrnium aluco,1.777,0.302,0.945,3,57.7,Arboreal,1
Falconidae,Falco tinnunculus ,0.26,0.068,0.65,6.2,37.5,Arboreal,1
Passeriformes,Psittacus erithacus,0.2,0.071,0.71,7.1,27.6,Arboreal,1
Passeriformes,Turdus pilaris ,0.1,0.0186,0.39,8.2,52.7,Arboreal,1
Passeriformes,Corvus cornix,0.557,0.126,0.78,4.8,43.4,Arboreal,1
Passeriformes,Corvus frugilegus,0.575,0.1285,0.92,6.6,43.9,Arboreal,1
Passeriformes,Corvus monedula,0.225,0.0601,0.6,6,36.7,Arboreal,1
Passeriformes,Corvus monedula,0.204,0.061,0.64,6.7,32.8,Arboreal,1
Passeriformes,Corvus pica,0.202,0.056,0.555,5.5,35.4,Arboreal,1
Passeriformes,Corvus pica,0.179,0.0482,0.51,5.4,36.4,Arboreal,1
Passeriformes,Garrulus glandarius,0.18,0.0565,0.56,5.6,31.3,Arboreal,1
Passeriformes,Chrysotis amazonica,0.3,0.0895,0.73,6,32.9,Arboreal,1