﻿Species,Nonpass.pass,M.g,WS.b.m,WA.b.m2,WL.b.Nm-2,WS.m,WA.m2
Accipiter gentilis,0,934.8,1.06,0.19,47.56,0.96,0.17
Accipiter nisus,0,237.5,0.73,0.09,25.09,0.66,0.08
Acrocephalus arundinaceus,1,30,0.3,0.02,17.23,0.26,0.01
Acrocephalus palustris,1,11.5,0.21,0.01,13.96,0.18,0.01
Acrocephalus schoenobaenus,1,11.2,0.2,0.01,13.29,0.17,0.01
Acrocephalus scirpaceus,1,12.3,0.2,0.01,14.52,0.17,0.01
Aegithalos caudatus,1,8.6,0.18,0.01,11.57,0.16,0.01
Alauda arvensis,1,40,0.36,0.02,16.04,0.33,0.02
Alcedo atthis,0,35.8,0.28,0.01,27.45,0.24,0.01
Anas crecca,0,305.5,0.59,0.05,60.51,0.52,0.04
Anas platyrhynchos,0,1141,0.86,0.11,102.26,0.76,0.09
Anas querquedula,0,326,0.59,0.05,58.79,0.52,0.05
Anthus campestris,1,23,0.31,0.02,12.69,0.27,0.02
Anthus spinoletta,1,23.9,0.29,0.02,14.27,0.25,0.01
Anthus trivialis,1,23.4,0.28,0.01,15.51,0.25,0.01
Aquila chrysaetos,0,4263.5,1.99,0.66,63.18,1.83,0.61
Ardea alba,0,873.5,1.66,0.44,19.67,1.52,0.39
Ardea cinerea,0,1443,1.67,0.41,34.18,1.53,0.37
Asio flammeus,0,325,1.06,0.16,19.46,0.93,0.14
Asio otus,0,299,0.94,0.14,21.37,0.82,0.12
Athene noctua,0,164,0.58,0.06,26.32,0.5,0.05
Aythya ferina,0,823,0.71,0.07,122.73,0.64,0.06
Aythya fuligula,0,701.5,0.68,0.06,116.02,0.6,0.05
Bombycilla garrulus,1,54.5,0.35,0.02,26.61,0.3,0.02
Botaurus stellaris,0,1324.5,1.25,0.24,53.5,1.15,0.22
Bubo bubo,0,2686,1.36,0.39,67.02,1.23,0.35
Buteo buteo,0,776,1.25,0.26,29.85,1.12,0.23
Buteo lagopus,0,956,1.25,0.24,38.35,1.24,0.26
Caprimulgus europaeus,0,67,0.54,0.04,16.22,0.5,0.04
Carduelis carduelis,1,16,0.23,0.01,15.29,0.21,0.01
Carpodacus erythrinus,1,24,0.26,0.01,18.56,0.23,0.01
Cecropis daurica,1,22.2,0.34,0.02,12.65,0.3,0.02
Certhia familiaris,1,9,0.2,0.01,9.9,0.17,0.01
Chroicocephalus ridibundus,0,284,0.94,0.1,26.91,0.86,0.09
Ciconia ciconia,0,3448,1.87,0.49,69.51,1.71,0.43
Ciconia nigra,0,2926,1.81,0.49,58.42,1.68,0.45
Cinclus cinclus,1,61.7,0.28,0.01,42.25,0.24,0.01
Circaetus gallicus,0,1699.5,1.78,0.46,36.41,1.66,0.43
Circus cyaneus,0,401,1.17,0.21,18.39,1.09,0.2
Coccothraustes coccothraustes,1,56.7,0.32,0.02,29.46,0.28,0.02
Coloeus monedula,1,246,0.66,0.07,33.21,0.6,0.06
Columba livia,0,354.5,0.66,0.07,49.6,0.6,0.06
Coracias garrulus,0,146,0.66,0.07,21.68,0.6,0.06
Corvus cornix,1,570,0.91,0.15,37.81,0.82,0.13
Corvus frugilegus,1,453.5,0.87,0.13,34.52,0.79,0.12
Crex crex,0,155.5,0.48,0.04,37.47,0.43,0.04
Cuculus canorus,0,111.5,0.63,0.06,17.87,0.57,0.05
Cyanistes caeruleus,1,10.6,0.21,0.01,10.91,0.17,0.01
Delichon urbicum,1,14.5,0.29,0.01,12.05,0.26,0.01
Dendrocopos major,0,76.8,0.44,0.04,19.42,0.39,0.03
Dryocopus martius,0,321,0.73,0.11,28.94,0.66,0.1
Emberiza calandra,1,48.8,0.3,0.02,26.85,0.26,0.02
Emberiza cia,1,23.5,0.26,0.02,15.19,0.23,0.01
Emberiza citrinella,1,29.7,0.29,0.02,16.59,0.24,0.01
Emberiza hortulana,1,19.9,0.26,0.01,13.93,0.23,0.01
Emberiza schoeniclus,1,18.5,0.25,0.01,13.43,0.22,0.01
Erithacus rubecula,1,17.7,0.22,0.01,15.72,0.19,0.01
Falco cherrug,0,966,1.08,0.16,59.02,0.97,0.14
Falco peregrinus,0,697.5,1.12,0.16,44.05,1.02,0.14
Falco subbuteo,0,209.5,0.74,0.08,27.32,0.68,0.07
Falco tinnunculus,0,184,0.75,0.08,21.32,0.68,0.08
Falco vespertinus,0,152.5,0.73,0.07,22.34,0.66,0.06
Ficedula albicollis,1,12.7,0.24,0.01,11.22,0.22,0.01
Ficedula hypoleuca,1,13.9,0.23,0.01,13.15,0.21,0.01
Fringilla coelebs,1,24,0.28,0.02,15.4,0.24,0.01
Fringilla montifringilla,1,23.2,0.28,0.01,15.66,0.25,0.01
Fulica atra,0,836,0.76,0.09,90.86,0.67,0.08
Galerida cristata,1,42.8,0.35,0.02,17.51,0.31,0.02
Gallinago gallinago,0,105,0.43,0.03,39.51,0.38,0.02
Gallinula chloropus,0,305,0.56,0.05,58.25,0.49,0.04
Garrulus glandarius,1,168,0.53,0.07,24.98,0.47,0.06
Gavia arctica,0,3079.5,1.25,0.17,177.85,1.17,0.15
Hippolais icterina,1,13.2,0.24,0.01,11.76,0.21,0.01
Hirundo rustica,1,18,0.32,0.02,11.3,0.3,0.01
Ixobrychus minutus,0,118,0.52,0.04,26.3,0.47,0.04
Jynx torquilla,0,35,0.29,0.02,21.96,0.26,0.01
Lanius collurio,1,28.5,0.29,0.01,18.69,0.25,0.01
Lanius minor,1,46.5,0.36,0.02,20.73,0.32,0.02
Larus michahellis,0,1154,1.38,0.25,45.76,1.28,0.23
Linaria cannabina,1,19.6,0.25,0.01,16.4,0.22,0.01
Locustella luscinioides,1,13.9,0.21,0.01,16.83,0.18,0.01
Loxia curvirostra,1,40.6,0.28,0.01,30.04,0.25,0.01
Luscinia luscinia,1,23.8,0.27,0.01,17.26,0.24,0.01
Luscinia megarhynchos,1,18.3,0.27,0.01,13.21,0.23,0.01
Merops apiaster,0,56.6,0.45,0.03,19.64,0.41,0.02
Motacilla alba,1,21,0.27,0.01,15.52,0.23,0.01
Motacilla cinerea,1,17.6,0.25,0.01,15.16,0.22,0.01
Motacilla flava,1,17.6,0.26,0.01,13.59,0.23,0.01
Muscicapa striata,1,15.9,0.27,0.01,11.5,0.24,0.01
Netta rufina,0,1118,0.87,0.1,105.36,0.78,0.09
Oenanthe oenanthe,1,25.6,0.29,0.02,16.72,0.26,0.01
Oenanthe pleschanka,1,19.4,0.29,0.02,12.34,0.25,0.01
Oriolus oriolus,1,79,0.39,0.03,28.49,0.34,0.02
Otus scops,0,92,0.53,0.05,18.39,0.46,0.04
Panurus biarmicus,1,13.9,0.19,0.01,17.81,0.16,0.01
Parus major,1,18.3,0.23,0.01,14.94,0.2,0.01
Passer domesticus,1,27.7,0.24,0.01,22,0.21,0.01
Passer hispaniolensis,1,24.2,0.26,0.01,19.14,0.22,0.01
Passer montanus,1,20.8,0.21,0.01,21.39,0.18,0.01
Pastor roseus,1,73.3,0.38,0.02,29.56,0.35,0.02
Perdix perdix,0,405.5,0.52,0.05,77.34,0.45,0.04
Periparus ater,1,9.2,0.19,0.01,11.17,0.17,0.01
Phalacrocorax carbo,0,2109.5,1.33,0.25,82.64,1.18,0.22
Phasianus colchicus,0,1135,0.81,0.14,76.93,0.69,0.12
Phoenicurus ochruros,1,16.5,0.26,0.01,11.74,0.23,0.01
Phoenicurus phoenicurus,1,14.6,0.24,0.01,12.91,0.2,0.01
Phylloscopus collybita,1,8.3,0.19,0.01,10.91,0.16,0.01
Phylloscopus sibilatrix,1,9.2,0.23,0.01,9.35,0.2,0.01
Phylloscopus trochilus,1,8.7,0.21,0.01,9.95,0.18,0.01
Pica pica,1,206,0.55,0.07,29.68,0.5,0.06
Picus canus,0,137,0.45,0.04,32.35,0.4,0.04
Picus viridis,0,176,0.51,0.05,32.13,0.45,0.05
Podiceps cristatus,0,673.5,0.75,0.07,96.79,0.68,0.06
Poecile palustris,1,10.9,0.2,0.01,11.7,0.17,0.01
Porzana parva,0,49.7,0.3,0.01,35.85,0.27,0.01
Porzana porzana,0,87.1,0.4,0.03,30.8,0.35,0.02
Prunella modularis,1,20.3,0.22,0.01,19.31,0.19,0.01
Pyrrhula pyrrhula,1,21.8,0.27,0.01,14.3,0.24,0.01
Rallus aquaticus,0,111.5,0.41,0.03,32.68,0.36,0.03
Regulus ignicapilla,1,5.6,0.15,0,11.23,0.13,0
Regulus regulus,1,5.6,0.16,0.01,9.24,0.13,0
Remiz pendulinus,1,9.3,0.18,0.01,13.24,0.15,0.01
Riparia riparia,1,12.7,0.28,0.01,10.64,0.25,0.01
Saxicola rubetra,1,16.6,0.24,0.01,14.21,0.21,0.01
Saxicola rubicola,1,15.3,0.21,0.01,16.64,0.18,0.01
Scolopax rusticola,0,309.5,0.68,0.07,44.6,0.62,0.06
Serinus serinus,1,11.2,0.23,0.01,10.66,0.2,0.01
Sitta europaea,1,22.6,0.27,0.01,15.03,0.23,0.01
Spinus spinus,1,13.3,0.22,0.01,15.7,0.19,0.01
Sterna hirundo,0,120,0.75,0.06,20.07,0.71,0.05
Streptopelia decaocto,0,149,0.5,0.05,30.91,0.45,0.04
Strix aluco,0,475,0.97,0.2,23.54,0.86,0.17
Strix uralensis,0,784.5,1.19,0.3,25.3,1.05,0.27
Sturnus vulgaris,1,86,0.42,0.03,29.89,0.36,0.02
Sylvia atricapilla,1,16.7,0.24,0.01,14.8,0.2,0.01
Sylvia borin,1,18.2,0.24,0.01,16.36,0.21,0.01
Sylvia communis,1,15.1,0.23,0.01,13.71,0.2,0.01
Sylvia curruca,1,11.1,0.2,0.01,12.15,0.17,0.01
Sylvia nisoria,1,22.5,0.27,0.01,16.06,0.23,0.01
Tachymarptis melba,0,96.4,0.54,0.03,29.61,0.49,0.03
Tetrastes bonasia,0,429,0.54,0.06,72.15,0.45,0.05
Tringa glareola,0,67.5,0.41,0.02,32.93,0.36,0.02
Tringa nebularia,0,187,0.59,0.04,41.33,0.53,0.04
Troglodytes troglodytes,1,9.6,0.16,0.01,16.82,0.13,0
Turdus merula,1,113,0.38,0.03,36.45,0.34,0.03
Turdus philomelos,1,67.8,0.37,0.03,26.47,0.32,0.02
Turdus pilaris,1,106,0.36,0.04,29.36,0.39,0.03
Tyto alba,0,350,0.97,0.15,23.65,0.87,0.13
Upupa epops,0,61.4,0.46,0.04,13.99,0.42,0.04