﻿Species,BW,WA cm^2,WS cm
Rhynchotus rufescens,821.7,657,67.40 
Gavia arctica,1495,1196,120.00 
Gavia immer,2425,1358,147.00 
Gavia stellata,957,890,104.00 
Podiceps auritus,369.5,350,59.00 
Podiceps cristatus,790,561,78.60 
Podiceps griseigna,480,542,72.00 
Podilymbus podiceps,343.5,291,60.00 
Tachybapsus ruficollis,180,236,44.00 
Diomedea exulans,8502,6206,340.80 
Fulmarus glacialis,724.5,1020,109.00 
Puffinus diomedea,572,1280,121.10 
Puffinus puffinus,342,575,81.10 
Hydrobates pelagicus,17.4,100,33.20 
Oceanodroma leucorhoa,26.5,251,48.00 
Sula bassana,2690,2450,183.60 
Phalacrocorax carbo,2115,1967,171.00 
Fregata aquila,1620,3240,201.90 
Ardea cinerea,1408,3590,172.60 
Ardea herodias,1905,4436,178.00 
Botaurus lentiginosus,625,1258,114.00 
Botaurus stellaris,1198,2696,132.90 
Butorides virescens,230,660,63.50 
Egretta alba,1778,2827,144.70 
Egretta caerulea,449,1246,104.10 
Nycticorax nycticorax,804,1773,112.00 
Ciconia ciconia,3438,4951,197.80 
Leptoptilus crumeniferus,7030,8225,281.70 
Platalea leucorodia,1565,2488,137.00 
Aix sponsa,589,660,71.10 
Anas acuta,970,761,89.00 
Anas carolinensis,321,374,61.00 
Anas clypeata,633,614,79.80 
Anas crecca,293,349,57.80 
Anas discors,332,370,64.00 
Anas penelope,830,664,85.50 
Anas plathyrynchos,1105,928,90.00 
Anas quenquedula,327,399,65.40 
Anas rubripes,1142,1007,90.00 
Anas strepera,823.9,787.1,80.50 
Anser albifrons,1715,1835,141.00 
Anser anser,3065,2697,163.00 
Anser fabalis,3110,2675,162.00 
Aythia affinis,763,472,74.00 
Aythia collaris,757.3,460,71.00 
Aythia ferina,842,615,77.40 
Aythia fuligula,741,474,70.60 
Aythia marila,675,621,81.40 
Aythia nyroca,512,512,68.00 
Branta bernicla,1273,1388,119.00 
Branta canadiensis,5662,2820,150.00 
Branta leucopsis,1150,1150,108.00 
Bucephala albeola,377,412,59.00 
Bucephala clangula,622,516,70.00 
Clangula hyemalis,1038,550,76.00 
Cygnus columbianus,5943,4156,204.00 
Cygnus cygnus,5925,3377,230.00 
Cygnus olor,11602,6808,240.00 
Melanitta fusca,1578,1010,96.70 
Melanitta nigra,870,679,85.00 
Mergus albellus,495,431,62.50 
Mergus merganser,1470,853,95.50 
Mergus serrator,818,589,88.60 
Oxyura jamaicensis,635,394,58.00 
Cathartes aura,2409,4356,182.90 
Coragyps atratus,1998,3326,142.90 
Accipiter cooperi,428.5,898,71.10 
Accipiter gentilis f,1370,2004,150.00 
Accipiter gentilis,778,1398.5,105.00 
Accipiier nisus f,221,822,75.00 
Accipiter nisus,136,530,62.20 
Accipiter striatus,134.3,523,53.30 
Aguila chrysaetos,3712,5382,212.10 
Buteo buteo,1027,2691,132.20 
Buteo jamaiciensis,1091,2086,122.00 
Buteo lagopus,1110,2592,141.00 
Buteo lineatus,804,1656,101.60 
Buteo platypterus,376,1012,83.80 
Circaetus gallicus,1655,4121,181.00 
Circus aeruginosus,680,2264,134.50 
Circus cyaneus f,471.5,1759,116.70 
Circus cyaneus,331,1406,104.40 
Circus hudsonius f,615,1696,110.00 
Circus hudsonius,414,1382,106.70 
Circus macrurus,386,1413,110.70 
Circus pygargus,236.5,1296,110.10 
Geranoatus melnoleucus,2123,3550,145.30 
Gypaetus barbatus,5385,7431,252.40 
Gyps fulvus,7269,10540,255.70 
Hieraaetus fasciatus,2060,3172,155.20 
Milvus migrans,889.5,2635.6,140.80 
Milvus milvus,927,2902,162.80 
Pernis aviporus,615,1894,119.90 
Terathopius ecaudatus,2095,3582,153.60 
Pandion haliaetus,1105,2921,157.20 
Falco columbarius,159,424,62.00 
Falco jugger,571.4,1120.2,101.00 
Falco peregrinus,813,1285,106.40 
Falco sparverius,137,372,55.00 
Falco subbuteo,165,558,75.70 
Falco tinnunculus,208.5,705.5,74.50 
Polyborus plancus,1209,2321,135.40 
Bonasa umbelus,516.5,527, 
Lagopus lagopus,620,626,68.20 
Lagopus mutus,462.5,486,60.30 
Lagopus scoticus,624,593,70.90 
Tetrao medius,1193,978,87.00 
Tetrao tetrix f,940,846,76.40 
Tetrao tetrix,1030,968,83.80 
Tetrao urogallus f,1890,1219,91.50 
Tetrao urogallus,3361,1412,131.80 
Tetrastes bonasia,278,386,52.90 
Alectoris graeca,606.5,473,55.00 
Alectoris rufa,490,519,54.40 
Colinus virginianus,165.1,206.4,33.10 
Coturnix coturnix,83.2,171,35.80 
Coturnix coturnix japonica,140.1,185.6,31.60 
Gallus g. domesticus,2610,1270.4,65.30 
Perdix perdix,387,433,52.50 
Phasianus colchicus,1304,917,80.00 
Meleagris gallopavo,3897,3752, 
Grus grus,4175,5553,211.00 
Crex cres,155,318,47.80 
Fulica americana,435,596,65.00 
Fulica atra,578,618,72.50 
Gallinula cloropus,265,368,55.90 
Porzana carolina,75,176,37.50 
Porzana porzana,69,228,39.40 
Rallus aquaticus,128,261,41.30 
Rallus elegans,227,536,61.00 
Rallus limicola,65,221,35.60 
Otis tarda,8950,5728,208.00 
Otis tetrax,830,1038,86.50 
Hematopus ostralegus,438,622,80.50 
Arenaria interpres,107.8,213,47.60 
Calidris alba,41.9,160,35.40 
Calidris alpina,44,126,36.00 
Calidris canutus,88,269,50.30 
Charadrius hiaticula,62.2,188,40.80 
Charadrius vociferus,85,275, 
Eudromias morinellus,90,247,46.60 
Pluvialis apricaria,178,356,58.50 
Pluvialis squatarola,216,413,65.40 
Vanellus vanellus,211,668,75.00 
Actitis hypoleucos,48.5,148,35.70 
Actitis macularia,47.5,146, 
Erolia melanotos,101,199, 
Gallinago gallinago,103.8,247.5,44.80 
Limosa lapponica,197,520,73.30 
Limosa limosa,228,527,69.00 
Lymnocryptes minima,57,178,39.30 
Numenius arquata,768,1175,104.40 
Phylomachus pugnax,180,457,63.20 
Scolopax minor,198.5,354.70 , 
Scolopax rusticola,322,596.00 ,66.5
Tringa erythropus,133,326.00 ,54.1
Tringa melanoleucus,170,412.00 , 
Tringa nebularia,156,406.00 ,60.8
Tringa ocrophus,72.7,248.00 ,47.2
Tringa soliraria,47,192.00 , 
Tringa totanus,133,366.00 ,51.6
Recurvirostra avocetta,295,684.00 ,77.2
Burhinus oedicnemus,522,757.00 ,83.7
Larus argentatus,1189,2105.00 ,143
Larus canus,367,1149.00 ,108
Larus marinus,1915,2719.00 ,172
Larus ridibundus,261,853.00 ,97.1
Rissa tridactyla,488,967.00 ,105
Sterna hirundo,118,563.00 ,82.9
Alca torda,780,382.00 ,68.1
Fratercula arctica,272,345.00 ,56.4
Plautus alle,91.2,167.00 ,38.7
Uria aalge,1010,424.00 ,70.2
Columba livia,387.7,612.20 ,65
Columba oenas,306,532.00 ,65.3
Columba palumbus,495,797.00 ,75.1
Streptopelia turtur,178,376.00 ,52.9
Zenaidura macroura,130,357.50 , 
Coccyzus americanus,61,266.00 , 
Cuculus canorus,104,419.00 ,58.3
Aegolius acadicus,108,420.00 ,43
Asio flammeus,390,1396.00 ,107.5
Asio otus,247,1082.00 ,94.1
Asio wilsonianus,259,1190.00 ,99
Athene noctua,161.5,459.00 ,58.9
Bubo bubo,1720,3715.00 ,164.1
Bubo virginianus,1463,2480.00 ,140
Nycthea scandiaca,1404,2576.00 ,140
Otus asio,216,499.00 ,56
Otus scops,49.8,405.00 ,52.3
Strix aluco,418,1304.00 ,95
Strix varia,510,1830.00 ,111.8
Tyto alba,279,1163.00 ,97.3
Caprymulgus europaeus,92,398.00 ,56.9
Chordeiles minor,75.3,349.50 ,58.4
Apus apus,36.2,165.00 ,42
Chaetura pelagica,17.3,104.00 ,32
Alcedo atthis,36.4,108.00 ,28.8
Megacyrele alcyon,155,376.00 , 
Coracias garrulus,128,483.00 ,61.5
Upupa epops,91,366.00 ,47.7
Centurus carolinus,87,262.00 , 
Colaptex auratus,100,324.00 , 
Dendrocopos major,73,238.00 ,42.2
Dendrocopos minor,15.5,103.00 ,26.9
Dendrocopos pubescens,24.8,136.00 , 
Jynx torquilla,37.3,116.00 ,29.4
Melanerpes formicivora,74.5,306, 
Picus viridis,156,457,51.70 
Sayornis Phoebe,20,134.5, 
Alauda arvensis,28.3,163,31.70 
Delichon urbica,14.4,92,29.20 
Hirundo rustica,17.7,126.2,33.00 
Iridoprocne bicolor,20.1,125, 
Progne subis,43,185.5, 
Riparia riparia,15.5,119,31.40 
Stelgidopteryx ruficollis,15.8,107, 
Lanius collurio,31,182,28.60 
Lanius excubitor,50.5,210,35.50 
Lanius senator,26.1,144,31.40 
Orioluc oriolus,72,274,47.00 
Sturnus vulgaris,79.5,192,39.10 
Corvus brachyrhynchos,552.5,1344, 
Corvus corax,1250,2813.9,120.00 
Corvus cornix,633,1317,97.90 
Corvus corone,470,1058,89.40 
Corvus frugileus,470,1387,97.20 
Corvus monedula,253,665,70.80 
Corvus ossifragus,291.5,992.5,69.60 
Cynocitta cristata,89,236, 
Cyanocorax yncas,71.3,316,37.30 
Garrulus glandarius,160,554,54.30 
Nucifraga caryocatactes,161,515,59.80 
Pica pica,214,640,59.20 
Pyrrocorax graculus,223,997,78.20 
Pyrrocorax pyrrocorax,390,948,67.20 
Bombycilla cedrorum,25,130, 
Ficedula hypoleuca,12.5,91,24.40 
Muscicapa striata,14.4,119,26.70 
Acrocephalus cirpaeus,12.8,67.2,20.30 
Acrocephalus schoenobaenus,10.4,52.9,19.20 
Hyppolais icterina,10.7,80,20.50 
Phylloscopus Bonelli,7.7,63,19.10 
Phylloscopus rufus,5.3,48.2,17.40 
Regulus calendula,6.7,58.3, 
Regulus regulus,3.8,32.2,14.30 
Regulus satrapa,5.8,51, 
Setophaga ruticilla,8,62.5, 
Sylvia atricapilla,16.3,88.9,23.80 
Sylvia communis,18.7,87.1,22.50 
Sylvia jimplex,15.8,74.9,23.60 
Erythacus rubecola,17.8,88,22.70 
Hylocichla fuscescens,32.3,147, 
Hylocichla guttata,29.5,116, 
Hylocichla minima,34,150, 
Luscinia megarhynchos,17.1,100,25.50 
Luscinia svecica,14.3,78.9,21.40 
Monticola saxatilis,47.5,160,35.50 
Monticola solitarius,62.8,236,38.60 
Phoenicurus ochrurus,17,122.4,27.00 
Phoenicurus phoenicurus,13,91,25.60 
Sialia sialis,32.7,148, 
Turdus iliacus,56,180,37.10 
Turdus merula,91.5,260,40.60 
Turdus migratorius,82,244, 
Turdus naumanni,76.2,225,37.70 
Turdus philomelos,70.3,191,36.70 
Turdus pilaris,98,225,42.90 
Turdus torquatus,96.5,222,42.70 
Turdus viscivorus,106,307,44.00 
Dumetella carolinensis,39,150, 
Troglodytes aedon,11,48.4, 
Troglodytes troglodytes,10.1,41.4,16.90 
Prunella modularis,18,80.1,22.00 
Aegithalus caudatus,8,58,18.60 
Parus atricapillus,12.5,76, 
Parus bicolor,22.5,117.8, 
Parus caeruleus,11,66,21.40 
Parus cristatus,10.2,72.9,20.20 
Parus major,21.5,102,23.30 
Parus palustris,11.4,68,20.50 
Psaltriparus minimus,9.4,41, 
Sitta europaea,21.1,132.7,27.40 
Certhia brachydactila,8.5,66,20.00 
Certhia familiaris,8,66.5, 
Trichodroma muraria,15,174,30.10 
Anthus pratensis,18,96.8,25.90 
Anthus spinoletta,19,109, 
Anthus trivialis,20.7,125,28.60 
Motacilla alba,22,132,28.30 
Motacilla cinerea,16,92,25.20 
Motacilla flava,16.5,101,25.00 
Vireo a. solitarius,16.8,88, 
Dendroica caerulescens,9.3,67, 
Dendroica coronata,15.5,91, 
Dendroica magnolia,9.2,69, 
Dendroica pensylvanica,11.1,60.5, 
Dendroica virens,9.2,58.5, 
Geothlypis trichas,9.5,58.5, 
Mniotilta varia,10.5,71, 
Seiurus noveboracensis,14.5,86, 
Wilsonia pusilla,11.9,56, 
Agelaius phoeniceus,70,245, 
Euphagus cyanocephalus,108,390, 
Icterus spurius,23,100.5, 
Molothrus ater,50.5,179, 
Quiscalus quiscula,122.3,324, 
Stunella magna,145,265, 
Piranga flava,35.8,153, 
Ammodramus savanarum,18.5,89, 
Carduelis cannabina,15.8,96.1,24.80 
Carduelis carduelis,16.7,92.1,24.80 
Carduelis chloris,23.7,100,27
Carduelis spinus,11.8,68,21.4
Carduelis tristis,14,83, 
Carpodacus purpureus,24.5,104, 
Coccothraustes coccothraustes,42,148,32
Fringilla coelebs,21.2,102,28.5
Fringilla montifringilla,25.1,123,28.1
Junco hyemalis,21.5,99, 
Loxia curvirostra,47.6,167,31.9
Melospiza georgiana,17,73, 
Melospiza lincolni,17.8,72.5, 
Melospiza melodia,22,86.5, 
Passerella iliaca,40.5,116, 
Passerina cyanea,13,82, 
Pheucticus ludovicianus,40,166.5, 
Pheucticus melanocephalus,44.7,200, 
Pinicola enucleator,50,189, 
Pipilo erythrophthalmus,41.7,145, 
Pyrrhula pyrrhula,21.4,94.8,25.5
Serinus canarius,8.4,73.1,22.1
Serinus citrinella,12,73.9,24.5
Spizella arborea,18,90, 
Spizella passerina,13.5,91, 
Spizella pusilla,12.1,62, 
Zonotrichia albicollis,26.5,109, 
Passer domesticus,30,101,25.2
Passer montanus,15.2,76,21.8
Petronia petronia,25,100,28.4
Emberiza cia,21.4,108,25.8
Emberiza cirlus,23.1,104,24.8
Emberiza citrinella,25,130,28.1
Emberiza hortulana,33,122,27.3
Emberiza schoeniclus,20,114,25.5
Pooecetes gramineus,27,108, 