﻿Science name,Body weight (g),Body weight (error) (g),n,Total wing area (cm^2),Total wing area (error) (cm^2),n,Mean wing loading (N/m^2),Mean wing loading (g/cm^2),Wing span (cm),Aspect ratio,"Reference (source of weight data: (w), wing area: (a))"
Diomedea epomophorra,8697,893,19,4963,299,8,172,1.75,282,14.7,-
Diomedea exulans,6636,1184,14,4337,219,6,150,1.53,271,15.6,-
Diomedea chrysotoma,3300,427,21,2389,66,6,135,1.38,200,15.3,-
Diomedea nigripes,3148,-,306,2726,-,1,112,1.14,-,-,Frings & Frings 1961 (w)
Diomedea immutabilis,3092,-,367,2726,-,1,110,1.13,-,-,Frings & Frings 1961 (w)
Diomedea bulleri,3012,217,31,2538,156,17,120,1.22,205,15.2,-
Diomedea melanophris,2911,284,16,2682,86,6,107,1.09,209,14.9,-
Diomedea chlororhynchos,2068,381,14,2507,-,1,83,0.85,-,-,-
Phoebetria palpebrata,2838,336,10,3226,-,1,86,0.88,-,-,-
Macronectes giganteus,4549,-,16,2748,-,2,163,1.66,-,-,"Mawson, in Falla 1937 (a); Voisin 1968 (w)"
Macronectes halli,4255,-,30,2846,220,15,149,1.5,193,11.9,Voisin 1968 (w)
Fulmarus glacialis,763,-,12,1056,-,3,71,0.72,112,11,Mougin 1967 (w)
Fulmarus glacialoides,887,-,19,1120,-,1,77,0.79,117,10.6,Mougin 1967 (w)
Thalassoica antarctica,641,-,34,820,-,4,76,0.78,-,-,"Mawson, in Falla 1937 (a); Bierman & Voous 1950 (w)"
Daption capense,377,27,19,630,19,7,59,0.6,89,9.2,-
Pagodroma nivea,322,-,3,583,-,3,54,0.55,-,-,"Mawson, in Falla 1937 (a & w)"
Pterodroma lessoni,586,40,14,815,99,6,71,0.72,101,11.4,-
Pterodroma externa,430,41,45,795,-,3,53,0.54,100,11.4,P.O.B.S.P. (w)
Pterodroma phaeopygia,408,-,66,768,-,1,52,0.53,97,11.2,Harris 1970 (w)
Pterodroma ultima,360,-,13,578,-,1,62,0.63,-,-,Williams 1960 (w)
Pterodroma brevirostris,329,-,20,594,-,3,54,0.55,86,11.4,Despin et al. 1972 (w)
Pterodroma inexpectata,329,31,42,542,16,10,60,0.61,84,11.9,-
Pterodroma mollis,276,27,8,603,54,7,45,0.46,83,10.5,-
Pterodroma hypoleuca,181,-,144,525,-,70,33,0.34,-,-,Fisher 1961 (a & w)
Pterodroma cooki,191,-,2,508,-,1,37,0.38,73,9.8,-
Halobaena caerulea,181,24,10,392,-,1,45,0.46,68,10.8,-
Pachyptila vittata,196,17,70,440,-,1,44,0.45,-,-,Richdale 1944 (w)
Pachyptila desolata,159,11,124,423,-,1,37,0.38,63,8.5,Tickell 1962 (w)
Pachyptila salvini,156,-,31,404,-,1,38,0.39,63,9.1,Despin et al. 1972 (w)
Pachyptila turtur,132,14,100,336,30,12,39,0.39,56,8.6,Richdale 1965 (w)
Procellaria cinerea,1018,115,23,1072,-,3,93,0.95,119,12.1,-
Procellaria aequinoctialis,1134,102,16,1455,37,4,77,0.78,138,12.1,-
Procellaria westlandica,1229,100,13,1632,67,8,74,0.75,140,11,-
Calonectris diomedea,946,-,52,1114,-,3,83,0.85,121,11.9,Zino 1971 (w)
Puffinus griseus,819,76,299,727,36,23,111,1.13,99,12.3,-
Puffinus tenuirostris,544,-,-,730,-,1,73,0.75,94,11.2,Serventy et al. (w)
Puffinus puffinus,426,46,15,559,24,13,75,0.76,78,9.9,Harris 1966 (w)
Puffinus huttoni,364,31,17,487,-,3,74,0.75,74,10.8,"G. Harrow, pers. comm. (w)"
Puffinus assimilis,238,11,5,383,19,5,61,0.62,60,8.4,-
Oceanites oceanites,39,-,644,151,-,1,26,0.26,-,-,"Mawson, in Falla (1937) (a); Beck & Brown 1972 (w)"
Garrodia nereis,32,5,10,140,13,4,23,0.23,32,6.4,-
Fregetta tropica,54,4,10,226,11,8,24,0.24,41,6.5,-
Hydrobates pelagicus,28,-,50,153,11,23,18,0.18,34,6.8,Davis 1957 (w)
Halocyptena microsoma,20,1,30,137,9,20,14,0.15,-,-,"D.G. Ainley, pers. comm. (a); P.O.S.P.B. (w)"
Oceanodroma leucorhoa,39,1,290,237,9,32,16,0.16,-,-,Ainley et al. 1975 (a & w)
Oceanodroma homochroa,38,1,834,193,9,32,20,0.19,-,-,Ainley et al. 1975 (a & w)
Oceanodroma melania,59,4,46,265,14,5,22,0.22,-,-,"D.G. Ainley, pers. comm. (a); P.O.S.P.B. (w)"
Pelecanoides urinatrix,119,10,22,174,10,8,67,0.68,38,7,-