﻿Scientific name,body mass (g),wing span (m),wing area (m2),REF
Cygnus cygnus,"10,350",2.29,0.62,2
Cygnus columbianus,"6,950",2.12,0.566,2
Anser indicus,"2,260",1.52,0.278,2
Anser albifrons,"2,350",1.38,0.239,2
Branta bernicla,"1,335",1.1,0.143,2
Branta leucopsis,"1,400",1.34,0.213,2
Branta canadensis,"3,917",1.69,0.372,2
Anas platyrhynchos,"1,165",0.885,0.105,2
Anas acuta,867,0.9,0.0879,16
Anas penelope,693,0.822,0.0829,2
Somateria spectabilis,"1,755",0.93,0.108,16
Somateria mollissima,"2,053",0.978,0.131,2
Clangula hyemalis,713,0.71,0.0669,16
Ardea purpurea,"1,105",1.35,0.2488,16
Plegadis chihi,614,0.923,0.126,2
Gavia immer,"4,131",1.36,0.184,2
Oceanodroma leucorhoa,46,0.47,0.0289,2
Morus serrator,"2,350",1.85,0.262,2
Morus bassanus,"2,733",1.85,0.262,38
Phalacrocorax auritus,"2,020",1.19,0.182,2
Phalacrocorax carbo,"2,310",1.35,0.224,2
Phalacrocorax pelagicus,"1,562",0.954,0.145,42
Otis tarda,"3,500",2.08,0.5728,46
Pluvialis fulva,190,0.51,0.0317,50
Numenius arquata,983,0.97,0.1182,16
Limosa lapponica,304,0.73,0.052,16
Calidris canutus,125,0.538,0.0332,2
Gallinago media,165,0.482,0.0337,65
Phalaropus lobatus,38,0.34,0.0146,16
Larus fuscus,875,1.34,0.19,2
Rissa tridactyla,409,0.947,0.095,2
Sterna hirundo,132,0.78,0.0496,2
Sterna paradisaea,105,0.8,0.0571,16
Alca torda,707,0.661,0.0462,2
Alle alle,156,0.387,0.0167,46
Uria aalge,995,0.707,0.0536,2
Uria lomvia,945,0.727,0.056,42
Fratercula arctica,381,0.549,0.0368,2
Cerorhinca monocerata,565,0.615,0.044,42
Stercorarius longicaudus,300,1,0.0891,16
Stercorarius maccormicki,"1,100",1.34,0.207,42
Stercorarius skua,"1,400",1.41,0.229,2
Grus grus,"5,400",2.22,0.5855,16
Cuculus canorus,116,0.575,0.0508,98
Lanius collurio,31,0.255,0.0145,98
Vireo olivaceus,17,0.243,0.0103,2
Hirundo rustica,18,0.324,0.014,2
Tachycineta bicolor,20,0.319,0.0135,2
Acrocephalus arundinaceus,34,0.265,0.0117,98
Dumetella carolinensis,36,0.287,0.0162,2
Hylocichla mustelina,46,0.327,0.018,110
Catharus fuscescens,34,0.299,0.0149,110
Catharus ustulatus,31,0.297,0.0142,110
Turdus torquatus,101,0.439,0.033,2
Luscinia megarhynchos,23,0.255,0.01,46
Phoenicurus phoenicurus,17,0.233,0.0106,2
Oenanthe oenanthe,25,0.307,0.0158,2
Seiurus aurocapilla,21,0.242,0.0111,2
Setophaga striata,12,0.23,0.0091,2
Plectrophenax nivalis,37,0.33,0.0184,2
Falco peregrinus,"1,025",1.02,0.125,2
Falco mexicanus,835,1.02,0.137,2
Falco eleonorae,369,0.95,0.1041,16
Falco subbuteo,232,0.75,0.0653,2
Falco naumanni,158,0.65,0.0611,16
Apus apus,43,0.4,0.0168,16
Athene cunicularia,171,0.6,0.0555,2
Upupa epops,71,0.44,0.0422,98
Jynx torquilla,36,0.292,0.015,2
Phoebetria palpebrata,"2,950",2.18,0.338,2
Thalassarche chrysostoma,"3,375",2.18,0.352,38
Thalassarche melanophrys,"4,000",2.16,0.356,38
Diomedea exulans,"8,775",3.01,0.592,2
Phoebastria immutabilis,"2,550",2.02,0.3215,42
Phoebastria nigripes,"3,300",2.265,0.3607,42
Fulmarus glacialis,808,1.13,0.119,2
Halobaena caerulea,200,0.69,0.0519,2
Pachyptila belcheri,150,0.592,0.0411,42
Pachyptila desolata,155,0.635,0.0469,2
Procellaria aequinoctialis,"1,100",1.41,0.167,2
Procellaria westlandica,"1,000",1.4,0.1632,155
Procellaria cinerea,"1,060",1.19,0.1072,155
Calonectris borealis,645,1.21,0.1114,155
Puffinus griseus,800,1.026,0.0893,42
Ardenna tenuirostris,500,0.93,0.0763,42
Puffinus pacificus,435,1.01,0.1,164
Puffinus puffinus,400,0.82,0.06,2
Pterodroma deserta,296,0.83,0.0603,155
Pterodroma cookii,207,0.73,0.0508,155
Ciconia ciconia,"3,350",1.97,0.522,2
Ciconia nigra,"3,000",1.5,0.2842,16
Mycteria americana,"2,500",1.78,0.439,2
Cathartes aura,"1,425",1.78,0.462,2
Pernis apivorus,800,1.26,0.2471,16
Neophron percnopterus,"1,875",1.65,0.3555,16
Circaetus gallicus,"1,700",1.9,0.4058,98
Hieraaetus pennatus,842,1.11,0.2004,16
Aquila chrysaetos,"4,421",2.01,0.612,2
Aquila nipalensis,"2,850",2.03,0.4853,16
Clanga pomarina,"1,518",1.465,0.5153,98
Circus pygargus,324,1.04,0.129,2
Circus aeruginosus,603,1.16,0.204,16
Accipiter gentilis,"1,038",1.05,0.177,2
Milvus migrans,754,1.52,0.2805,16
Haliaeetus albicilla,"4,775",2.18,0.8824,16
Buteo swainsoni,"1,064",1.29,0.227,2
Buteo platypterus,460,0.897,0.114,2
Buteo buteo,909,1.29,0.254,2
Pandion haliaetus,"1,500",1.7,0.32,2