﻿Family (253 families),No. of species (IOC 13.1),No. of species in BirdWingData (95 families),Species covered (%)
Acanthisittidae,4,0,0
Acanthizidae,67,0,0
Accipitridae,255,77,30.2
Acrocephalidae,61,9,14.8
Aegithalidae,13,2,15.4
Aegithinidae,4,0,0
Aegothelidae,9,0,0
Alaudidae,100,3,3
Alcedinidae,117,2,1.7
Alcidae,25,19,76
Alcippeidae,10,0,0
Anatidae,174,43,24.7
Anhimidae,3,0,0
Anhingidae,4,1,25
Anseranatidae,1,0,0
Apodidae,113,5,4.4
Apterygidae,5,0,0
Aramidae,1,1,100
Ardeidae,72,15,20.8
Artamidae,24,0,0
Atrichornithidae,2,0,0
Balaenicipitidae,1,0,0
Bernieridae,11,0,0
Bombycillidae,3,2,66.7
Brachypteraciidae,5,0,0
Bucconidae,38,0,0
Bucerotidae,59,0,0
Bucorvidae,2,0,0
Buphagidae,2,0,0
Burhinidae,10,1,10
Cacatuidae,21,0,0
Calcariidae,6,2,33.3
Callaeidae,5,0,0
Calyptomenidae,6,0,0
Calyptophilidae,2,0,0
Campephagidae,94,0,0
Capitonidae,15,0,0
Caprimulgidae,96,4,4.2
Cardinalidae,53,4,7.5
Cariamidae,2,0,0
Casuariidae,4,0,0
Cathartidae,7,3,42.9
Certhiidae,11,2,18.2
Cettiidae,31,1,3.2
Chaetopidae,2,0,0
Charadriidae,68,9,13.2
Chionidae,2,1,50
Chloropseidae,13,0,0
Ciconiidae,20,5,25
Cinclidae,5,1,20
Cinclosomatidae,12,0,0
Cisticolidae,168,0,0
Climacteridae,7,0,0
Cnemophilidae,3,0,0
Coliidae,6,0,0
Columbidae,352,9,2.6
Conopophagidae,12,0,0
Coraciidae,13,1,7.7
Corcoracidae,2,0,0
Corvidae,135,15,11.1
Cotingidae,66,0,0
Cracidae,57,0,0
Cuculidae,150,2,1.3
Dasyornithidae,3,0,0
Dicaeidae,50,0,0
Dicruridae,30,0,0
Diomedeidae,21,10,47.6
Donacobiidae,1,0,0
Dromadidae,1,0,0
Dulidae,1,0,0
Elachuridae,1,0,0
Emberizidae,45,8,17.8
Erythrocercidae,3,0,0
Estrildidae,139,0,0
Eulacestomatidae,1,0,0
Eupetidae,1,0,0
Eurylaimidae,9,0,0
Eurypygidae,1,0,0
Falconidae,65,20,30.8
Falcunculidae,3,0,0
Formicariidae,12,0,0
Fregatidae,5,3,60
Fringillidae,234,16,6.8
Furnariidae,315,35,11.1
Galbulidae,18,0,0
Gaviidae,5,3,60
Glareolidae,17,3,17.6
Grallariidae,68,0,0
Gruidae,15,1,6.7
Haematopodidae,12,1,8.3
Heliornithidae,3,0,0
Hemiprocnidae,4,0,0
Hirundinidae,89,8,9
Hydrobatidae,18,6,33.3
Hyliidae,2,0,0
Hyliotidae,4,0,0
Hylocitreidae,1,0,0
Hypocoliidae,1,0,0
Ibidorhynchidae,1,0,0
Icteridae,110,6,5.5
Icteriidae,1,0,0
Ifritidae,1,0,0
Indicatoridae,16,0,0
Irenidae,3,0,0
Jacanidae,8,0,0
Laniidae,34,5,14.7
Laridae,103,38,36.9
Leiothrichidae,133,0,0
Leptosomidae,1,0,0
Locustellidae,67,2,3
Lybiidae,43,0,0
Machaerirhynchidae,2,0,0
Macrosphenidae,18,0,0
Malaconotidae,50,0,0
Maluridae,32,0,0
Megalaimidae,34,0,0
Megapodiidae,21,0,0
Melampittidae,2,0,0
Melanocharitidae,12,0,0
Melanopareiidae,5,0,0
Meliphagidae,196,0,0
Menuridae,2,0,0
Meropidae,31,1,3.2
Mesitornithidae,3,0,0
Mimidae,34,3,8.8
Mitrospingidae,4,0,0
Modulatricidae,3,0,0
Mohoidae,5,0,0
Mohouidae,3,0,0
Momotidae,14,0,0
Monarchidae,106,0,0
Motacillidae,69,9,13
Muscicapidae,352,16,4.5
Musophagidae,23,0,0
Nectariniidae,146,1,0.7
Neosittidae,3,0,0
Nesospingidae,1,0,0
Nicatoridae,3,0,0
Notiomystidae,1,0,0
Numididae,8,0,0
Nyctibiidae,7,0,0
Oceanitidae,10,6,60
Odontophoridae,34,1,2.9
Opisthocomidae,1,0,0
Oreoicidae,3,0,0
Oriolidae,39,1,2.6
Orthonychidae,3,0,0
Otididae,26,3,11.5
Pachycephalidae,64,0,0
Pandionidae,1,1,100
Panuridae,1,1,100
Paradisaeidae,45,0,0
Paradoxornithidae,37,0,0
Paramythiidae,3,0,0
Pardalotidae,4,0,0
Paridae,64,10,15.6
Parulidae,120,17,14.2
Passerellidae,138,12,8.7
Passeridae,43,4,9.3
Pedionomidae,1,0,0
Pelecanidae,8,5,62.5
Pellorneidae,65,0,0
Petroicidae,51,0,0
Peucedramidae,1,0,0
Phaenicophilidae,4,0,0
Phaethontidae,3,3,100
Phalacrocoracidae,42,8,19
Phasianidae,188,18,9.6
Philepittidae,4,0,0
Phoenicopteridae,6,2,33.3
Phoeniculidae,9,0,0
Phylloscopidae,81,6,7.4
Picathartidae,2,0,0
Picidae,239,13,5.4
Pipridae,55,0,0
Pittidae,44,0,0
Pityriasidae,1,0,0
Platylophidae,1,0,0
Platysteiridae,33,0,0
Ploceidae,122,1,0.8
Pluvianellidae,1,0,0
Pluvianidae,1,0,0
Pnoepygidae,4,0,0
Podargidae,16,0,0
Podicipedidae,23,7,30.4
Polioptilidae,21,0,0
Pomatostomidae,5,0,0
Procellariidae,100,53,53
Promeropidae,2,0,0
Prunellidae,12,1,8.3
Psittacidae,181,2,1.1
Psittaculidae,204,0,0
Psophiidae,3,0,0
Psophodidae,6,0,0
Pteroclidae,16,2,12.5
Ptiliogonatidae,4,0,0
Ptilonorhynchidae,28,0,0
Pycnonotidae,160,1,0.6
Rallidae,152,12,7.9
Ramphastidae,43,0,0
Recurvirostridae,10,2,20
Regulidae,6,4,66.7
Remizidae,11,1,9.1
Rhagologidae,1,0,0
Rheidae,2,0,0
Rhinocryptidae,65,0,0
Rhipiduridae,55,0,0
Rhodinocichlidae,1,0,0
Rhynochetidae,1,0,0
Rostratulidae,3,0,0
Sagittariidae,1,1,100
Sapayoidae,1,0,0
Sarothruridae,15,0,0
Scolopacidae,98,30,30.6
Scopidae,1,0,0
Scotocercidae,1,0,0
Semnornithidae,2,0,0
Sittidae,29,1,3.4
Spheniscidae,18,7,38.9
Spindalidae,4,0,0
Steatornithidae,1,0,0
Stenostiridae,9,0,0
Stercorariidae,7,6,85.7
Strigidae,235,24,10.2
Strigopidae,4,0,0
Struthionidae,2,0,0
Sturnidae,128,2,1.6
Sulidae,10,6,60
Sylviidae,34,6,17.6
Teretistridae,2,0,0
Thamnophilidae,238,0,0
Thinocoridae,4,0,0
Thraupidae,387,0,0
Threskiornithidae,36,5,13.9
Tichodromidae,1,1,100
Timaliidae,58,0,0
Tinamidae,46,1,2.2
Tityridae,45,0,0
Todidae,5,0,0
Trochilidae,366,112,30.6
Troglodytidae,88,2,2.3
Trogonidae,43,0,0
Turdidae,175,14,8
Turnicidae,18,0,0
Tyrannidae,447,1,0.2
Tytonidae,20,2,10
Upupidae,4,1,25
Urocynchramidae,1,0,0
Vangidae,40,0,0
Viduidae,20,0,0
Vireonidae,62,2,3.2
Zeledoniidae,1,0,0
Zosteropidae,150,0,0