﻿Order (44 orders),No. of species (IOC 13.1),No. of Species in BirdWingData (28 orders),Species covered (%)
ACCIPITRIFORMES,264,82,31.1
AEGOTHELIFORMES,9,0,0
ANSERIFORMES,178,43,24.2
APODIFORMES,483,117,24.2
APTERYGIFORMES,5,0,0
BUCEROTIFORMES,74,1,1.4
CAPRIMULGIFORMES,96,4,4.2
CARIAMIFORMES,2,0,0
CASUARIIFORMES,4,0,0
CHARADRIIFORMES,390,110,28.2
CICONIIFORMES,20,5,25
COLIIFORMES,6,0,0
COLUMBIFORMES,352,9,2.6
CORACIIFORMES,185,4,2.2
CUCULIFORMES,150,2,1.3
EURYPYGIFORMES,2,0,0
FALCONIFORMES,65,20,30.8
GALLIFORMES,308,19,6.2
GAVIIFORMES,5,3,60
GRUIFORMES,189,14,7.4
LEPTOSOMIFORMES,1,0,0
MESITORNITHIFORMES,3,0,0
MUSOPHAGIFORMES,23,0,0
NYCTIBIIFORMES,7,0,0
OPISTHOCOMIFORMES,1,0,0
OTIDIFORMES,26,3,11.5
PASSERIFORMES,6675,238,3.6
PELECANIFORMES,118,25,21.2
PHAETHONTIFORMES,3,3,100
PHOENICOPTERIFORMES,6,2,33.3
PICIFORMES,448,13,2.9
PODARGIFORMES,16,0,0
PODICIPEDIFORMES,23,7,30.4
PROCELLARIIFORMES,149,75,50.3
PSITTACIFORMES,410,2,0.5
PTEROCLIFORMES,16,2,12.5
RHEIFORMES,2,0,0
SPHENISCIFORMES,18,7,38.9
STEATORNITHIFORMES,1,0,0
STRIGIFORMES,255,26,10.2
STRUTHIONIFORMES,2,0,0
SULIFORMES,61,18,29.5
TINAMIFORMES,46,1,2.2
TROGONIFORMES,43,0,0