﻿First author,Year,Journal,Original data format,No. of species,Original measurement included,Cited data included,Body mass,Wingspan,Wing area,Wingspan definition,Wing area definition,URL/DOI for references,Place of data,Details
Warham,1977,NZ J Zool,PDF,48,1,1,1,1,1,A-II,A-II,https://doi.org/10.1080/03014223.1977.9517938,in Table 1,"Warham, J. (1977) Wing loadings, wing shapes, and flight capabilities of Procellariiformes. N.Z. J. Zool., 4(1): 73–83."
Pennycuick,1987,J Exp Biol,PDF,23,1,1,1,1,1,A?-II?,A?-II?,https://doi.org/10.1242/jeb.128.1.335,in Table 2,"Pennycuick, C.J. (1987) Flight of auks (Alcidae) and other northern seabirds compared with southern Procellariiformes: Ornithodolite observations. J. Exp. Biol., 128: 335–347."
Viscor,1987,Comp Biochem Physiol,PDF,346,1,1,1,1,1,?-?,?-?,https://doi.org/10.1016/0300-9629(87)90118-6,in Table 1,"Viscor, G., & Fuster, J.F. (1987) Relationships between morphological parameters in birds with different flying habits. Comparative Biochemistry and Physiology Part A: Physiology, 87(2): 231–249."
Mendelsohn,1988,Cimbebasia,PDF,2,1,0,1,1,1,A-II,B-II,NA,"in Table 1, Appendix","Mendelsohn, J.M., & Brown, C.J. (1988) Wing areas and other dimensions of greater and lesser flamingos. Cimbebasia, 10:71–73."
Mendelsohn,1989,Ostrich,PDF,66,1,0,1,1,1,A-II,B-II,https://doi.org/10.1080/00306525.1989.9634503,"in Table 1, Table 2, Table 3, Table 4, Table 5, Table 6","Mendelsohn, J.M., Kemp, A.C., Biggs, H.C., Biggs, R., & Brown, C.J. (1989) Wing areas, wing loadings and wing spans of 66 species of African raptors. Ostrich, 60(1): 35–42."
Hedenström,1992,Proc Roy Soc B,PDF,16,1,1,1,1,1,A-II,A-II,https://doi.org/10.1098/rspb.1992.0026,in Appendix 1,"Hedenström, A. & Møller, A.P. (1992) Morphological adaptations to song flight in passerine birds: a comparative study. Proc. R. Soc. Lond. B., 247:183–187."
Yong,1994,Auk,PDF,4,1,1,1,1,1,A?-II?,B-II,https://doi.org/10.1093/auk/111.3.683,in Table 1,"Yong, W. & Moore, F.R. (1994) Flight morphology, energetic condition, and the stopover biology of migrating thrushes. Auk, 111(3):683–692."
Spear,1997,Ibis,PDF,98,1,1,1,1,1,A-II,A-II,https://doi.org/10.1111/j.1474-919X.1997.tb04620.x,in Appendix,"Spear, L.B. & Ainley, D.G. (1997) Flight behaviour of seabirds in relation to wind direction and wing morphology. Ibis, 139(2):221–233."
Hertel,1999,Condor,PDF,9,1,1,1,1,1,A-II,A-II,https://doi.org/10.2307/1370184,in Table 1,"Hertel, F. & Balance, L.T. (1999) Wing ecomorphology of seabirds from Johnston Atoll. Condor, 101:549–556."
Hambly,2004,J Exp Biol,PDF,2,1,0,1,1,1,A-II,A-II,https://doi.org/10.1242/jeb.01233,in Table 1,"Hambly, C., Pinshow, B., Wiersma, P., Verhulst, S., Piertney, S.B., Harper, E.J., & Speakman, J.R. (2004). Comparison of the cost of short flights in a nectarivorous and a non-nectarivorous bird. J. Exp. Biol., 207(22):3959–3968."
Alerstam,2007,PLoS Biol,PDF,130,1,1,1,1,1,A-II,A-II,https://doi.org/10.1371/journal.pbio.0050197,in Protocol S1,"Alerstam, T., Rosen, M., Backman, J., Ericson, P.G.P., & Hellgren, O. (2007) Flight speeds among bird species: Allometric and phylogenetic effects. PLoS Biol., 5(8):1656–1662."
Pennycuick,2008,"in ""Modelling the Flying Bird""",Excel,220,1,1,1,1,1,A-II,A-II,https://booksite.elsevier.com/9780123742995/,in the Wings database of the Flight 1.25 program,"Pennycuick, C.J. (2008) Modelling the Flying Bird. Elsevier (Academic Press). ISBN 978-0-12-374299-5."
Bruderer,2010,Ibis,Excel,154,1,1,1,1,1,A-II,A-II,https://doi.org/10.1111/j.1474-919X.2010.01014.x,in Appendix S2,"Bruderer, B., Peter, D., Boldt, A., & Liechti, F. (2010) Wing‐beat characteristics of birds recorded with tracking radar and cine camera. Ibis, 152(2):272–291."
Sato,2010,Proc Roy Soc B,PDF,7,1,0,1,1,1,B-I,B-I,https://doi.org/10.1098/rspb.2009.1515,in Table 2,"Sato, K., Shiomi, K., Watanabe, Y., Watanuki, Y., Takahashi, A., & Ponganis, P. J. (2010). Scaling of swim speed and stroke frequency in geometrically similar penguins: they swim optimally to minimize cost of transport. Proceedings of the Royal Society B: Biological Sciences, 277(1682):707–714."
Klaassen,2011,Biol Lett,Word,7,1,1,0,1,1,A?-II?,A?-II?,https://doi.org/10.1098/rsbl.2011.0343,in Table S2,"Klaassen, R.H.G., Alerstam, T., Carlsson, P., Fox, J.W., & Lindstrom, A. (2011) Great flights by great snipes: long and fast non-stop migration over benign habitats. Biol. Lett., 7(6):833–835."
Claramunt,2012,Proc Roy Soc B,PDF,35,1,0,0,1,1,A?-II?,A-II; B-I,https://doi.org/10.1098/rspb.2011.1922,in Table S3,"Claramunt, S., Derryberry, E.P., Remsen Jr, J.V., & Brumfield, R.T. (2012) High dispersal ability inhibits speciation in a continental radiation of passerine birds. Proceedings of the Royal Society B: Biological Sciences, 279(1733):1567–1574."
Shirai,2013,Ornithol Sci,PDF,1,1,1,1,1,1,A-II,A-II,http://dx.doi.org/10.2326/osj.12.57,in Table 1,"Shirai, M., Niizuma, Y., Tsuchiya, K., Yamamoto, M., & Oka, N. (2013). Sexual size dimorphism in Streaked Shearwaters Calonectris leucomelas. Ornithological Science, 12(1):57–62."
Hedenström,2016,Phil Trans R Soc B,PDF,5,1,0,1,1,1,A-II,A-II,https://doi.org/10.1098/rstb.2015.0396,in Table S1,"Hedenström, A., & Åkesson, S. (2016) Ecology of tern flight in relation to wind, topography and aerodynamic theory. Philosophical Transactions of the Royal Society B: Biological Sciences, 371(1704):20150396."
Vágási,2016,Evol Biol,Excel,149,1,0,1,1,1,A-II; B-II,A-II; B-II,https://doi.org/10.1007/s11692-015-9349-0,in ESM2,"Vágási, C.I., Pap, P.L., Vincze, O. et al. (2016) Morphological Adaptations to Migration in Birds. Evol. Biol., 43:48–59."
Watanabe,2016,Ecol Lett,PDF,109,0,1,1,1,1,A-II,A-II,https://doi.org/10.1111/ele.12627,in Table S1,"Watanabe, Y.Y. (2016) Flight mode affects allometry of migration range in birds. Ecology Letters, 19(8):907–914."
Skandalis,2017,Nat Commun,CSV,202,1,1,1,1,1,A-II; B-I,B?-I?,https://doi.org/10.1038/s41467-017-01223-x,in Figshare (http://dx.doi.org/10.6084/m9.figshare.5318449),"Skandalis, D.A., Segre, P.S., Bahlman, J.W., Groom, D.J., Welch Jr, K.C., Witt, C.C., ... & Altshuler, D.L. (2017) The biomechanical origin of extreme wing allometry in hummingbirds. Nature communications, 8(1):1047."
Tanaka,2017,Paleontology,Excel,18,1,0,1,1,1,A-II,A-II,https://doi.org/10.1111/pala.12276,in Table 2,"Tanaka, I. (2017) Ecological implications of the correlation of avian footprints with wing characteristics: a mathematical approach. Palaeontology, 60(2):187–197."
Tanaka,2018,on Dryad,Excel,53,1,1,1,1,1,A-II,A-II,https://doi.org/10.5061/dryad.4h1n1,on Dryad (https://doi.org/10.5061/dryad.4h1n1),"Tanaka, I. (2018) Data from: Ecological implications of the correlation of avian footprints with wing characteristics: a mathematical approach [Dataset]. Dryad."
Kikuchi,2019,"In ""Wind Energy and Wildlife Impacts""",PDF,2,1,0,1,1,1,A-II,A-II,https://doi.org/10.1007/978- 3- 030- 05520- 2_4,"in Tables A1, A2","Kikuchi, D.M., Nakahara, T., Kitamura, W., & Yamaguchi, N.M. (2019) Estimating potential costs of cumulative barrier effects on migrating raptors: a case study using global positioning system tracking in Japan. In Wind Energy and Wildlife Impacts: Balancing Energy Sustainability with Wildlife Conservation (pp. 51–65). Cham: Springer International Publishing."
Vincze,2019,J Exp Biol,Excel,213,1,1,1,1,1,B-II?,B-II?,https://doi.org/10.1242/jeb.183517,in Table S1,"Vincze, O. (2019) Wing morphology, flight type and migration distance predict accumulated fuel load in birds. J. Exp. Biol., 222:jeb183517."
Hosoya,this study,unpublished,Excel,1,1,1,1,1,1,A-II,A-II,NA,NA,"Hosoya, J., Tatani, M., Shiomi, K., Takeda, Y."
Kikuchi,this study,unpublished,Excel,12,1,1,1,1,1,A-II,A-II,NA,NA,"Kikuchi, D.M."