﻿"Order_IOC13.1
(N = 28 )","Family_IOC13.1
(N = 95)","Species_IOC13.1
(N = 856)",English.name_IOC13.1,Multiling_IOC13.1_Japanese
ACCIPITRIFORMES,Accipitridae,Accipiter badius,Shikra,タカサゴダカ
ACCIPITRIFORMES,Accipitridae,Accipiter brevipes,Levant Sparrowhawk,レバントハイタカ
ACCIPITRIFORMES,Accipitridae,Accipiter cooperii,Cooper's Hawk,クーパーハイタカ
ACCIPITRIFORMES,Accipitridae,Accipiter gentilis,Northern Goshawk,オオタカ
ACCIPITRIFORMES,Accipitridae,Accipiter melanoleucus,Black Sparrowhawk,オオハイタカ
ACCIPITRIFORMES,Accipitridae,Accipiter minullus,Little Sparrowhawk,アフリカツミ
ACCIPITRIFORMES,Accipitridae,Accipiter nisus,Eurasian Sparrowhawk,ハイタカ
ACCIPITRIFORMES,Accipitridae,Accipiter ovampensis,Ovambo Sparrowhawk,サバンナハイタカ
ACCIPITRIFORMES,Accipitridae,Accipiter rufiventris,Rufous-breasted Sparrowhawk,ムネアカハイタカ
ACCIPITRIFORMES,Accipitridae,Accipiter striatus,Sharp-shinned Hawk,アシボソハイタカ
ACCIPITRIFORMES,Accipitridae,Accipiter tachiro,African Goshawk,アフリカオオタカ
ACCIPITRIFORMES,Accipitridae,Aegypius monachus,Cinereous Vulture,クロハゲワシ
ACCIPITRIFORMES,Accipitridae,Aquila chrysaetos,Golden Eagle,イヌワシ
ACCIPITRIFORMES,Accipitridae,Aquila fasciata,Bonelli's Eagle,ボネリークマタカ
ACCIPITRIFORMES,Accipitridae,Aquila heliaca,Eastern Imperial Eagle,カタシロワシ
ACCIPITRIFORMES,Accipitridae,Aquila nipalensis,Steppe Eagle,ソウゲンワシ
ACCIPITRIFORMES,Accipitridae,Aquila rapax,Tawny Eagle,アフリカソウゲンワシ
ACCIPITRIFORMES,Accipitridae,Aquila spilogaster,African Hawk-Eagle,モモジロクマタカ
ACCIPITRIFORMES,Accipitridae,Aquila verreauxii,Verreaux's Eagle,コシジロイヌワシ
ACCIPITRIFORMES,Accipitridae,Aviceda cuculoides,African Cuckoo-Hawk,アフリカカッコウハヤブサ
ACCIPITRIFORMES,Accipitridae,Butastur indicus,Grey-faced Buzzard,サシバ
ACCIPITRIFORMES,Accipitridae,Buteo augur,Augur Buzzard,ヨゲンノスリ
ACCIPITRIFORMES,Accipitridae,Buteo brachyurus,Short-tailed Hawk,ミジカオノスリ
ACCIPITRIFORMES,Accipitridae,Buteo buteo,Common Buzzard,ヨーロッパノスリ
ACCIPITRIFORMES,Accipitridae,Buteo jamaicensis,Red-tailed Hawk,アカオノスリ
ACCIPITRIFORMES,Accipitridae,Buteo japonicus,Eastern Buzzard,ノスリ
ACCIPITRIFORMES,Accipitridae,Buteo lagopus,Rough-legged Buzzard,ケアシノスリ
ACCIPITRIFORMES,Accipitridae,Buteo lineatus,Red-shouldered Hawk,カタアカノスリ
ACCIPITRIFORMES,Accipitridae,Buteo platypterus,Broad-winged Hawk,ハネビロノスリ
ACCIPITRIFORMES,Accipitridae,Buteo rufinus,Long-legged Buzzard,ニシオオノスリ
ACCIPITRIFORMES,Accipitridae,Buteo rufofuscus,Jackal Buzzard,アカクロノスリ
ACCIPITRIFORMES,Accipitridae,Buteo swainsoni,Swainson's Hawk,アレチノスリ
ACCIPITRIFORMES,Accipitridae,Buteo trizonatus,Forest Buzzard,モリノスリ
ACCIPITRIFORMES,Cathartidae,Cathartes aura,Turkey Vulture,ヒメコンドル
ACCIPITRIFORMES,Accipitridae,Circaetus cinerascens,Western Banded Snake Eagle,オビチュウヒワシ
ACCIPITRIFORMES,Accipitridae,Circaetus cinereus,Brown Snake Eagle,チャイロチュウヒワシ
ACCIPITRIFORMES,Accipitridae,Circaetus fasciolatus,Southern Banded Snake Eagle,ミナミオビチュウヒワシ
ACCIPITRIFORMES,Accipitridae,Circaetus gallicus,Short-toed Snake Eagle,チュウヒワシ
ACCIPITRIFORMES,Accipitridae,Circaetus pectoralis,Black-chested Snake Eagle,ムナグロチュウヒワシ
ACCIPITRIFORMES,Accipitridae,Circus aeruginosus,Western Marsh Harrier,ヨーロッパチュウヒ
ACCIPITRIFORMES,Accipitridae,Circus cyaneus,Hen Harrier,ハイイロチュウヒ
ACCIPITRIFORMES,Accipitridae,Circus hudsonius,Northern Harrier,アメリカハイイロチュウヒ
ACCIPITRIFORMES,Accipitridae,Circus macrourus,Pallid Harrier,ウスハイイロチュウヒ
ACCIPITRIFORMES,Accipitridae,Circus pygargus,Montagu's Harrier,ヒメハイイロチュウヒ
ACCIPITRIFORMES,Accipitridae,Circus ranivorus,African Marsh Harrier,アフリカチュウヒ
ACCIPITRIFORMES,Accipitridae,Clanga pomarina,Lesser Spotted Eagle,アシナガワシ
ACCIPITRIFORMES,Cathartidae,Coragyps atratus,Black Vulture,クロコンドル
ACCIPITRIFORMES,Accipitridae,Elanus caeruleus,Black-winged Kite,カタグロトビ
ACCIPITRIFORMES,Accipitridae,Geranoaetus melanoleucus,Black-chested Buzzard-Eagle,ワシノスリ
ACCIPITRIFORMES,Accipitridae,Gypaetus barbatus,Bearded Vulture,ヒゲワシ
ACCIPITRIFORMES,Accipitridae,Gyps africanus,White-backed Vulture,コシジロハゲワシ
ACCIPITRIFORMES,Accipitridae,Gyps coprotheres,Cape Vulture,ケープシロエリハゲワシ
ACCIPITRIFORMES,Accipitridae,Gyps fulvus,Griffon Vulture,シロエリハゲワシ
ACCIPITRIFORMES,Accipitridae,Gyps rueppelli,Rüppell's Vulture,マダラハゲワシ
ACCIPITRIFORMES,Accipitridae,Haliaeetus albicilla,White-tailed Eagle,オジロワシ
ACCIPITRIFORMES,Accipitridae,Haliaeetus vocifer,African Fish Eagle,サンショクウミワシ
ACCIPITRIFORMES,Accipitridae,Hieraaetus ayresii,Ayres's Hawk-Eagle,シロハラクマタカ
ACCIPITRIFORMES,Accipitridae,Hieraaetus pennatus,Booted Eagle,ヒメクマタカ
ACCIPITRIFORMES,Accipitridae,Hieraaetus wahlbergi,Wahlberg's Eagle,ヒメイヌワシ
ACCIPITRIFORMES,Accipitridae,Kaupifalco monogrammicus,Lizard Buzzard,トカゲノスリ
ACCIPITRIFORMES,Accipitridae,Lophaetus occipitalis,Long-crested Eagle,エボシクマタカ
ACCIPITRIFORMES,Accipitridae,Macheiramphus alcinus,Bat Hawk,コウモリダカ
ACCIPITRIFORMES,Accipitridae,Melierax canorus,Pale Chanting Goshawk,コシジロウタオオタカ
ACCIPITRIFORMES,Accipitridae,Melierax metabates,Dark Chanting Goshawk,ウタオオタカ
ACCIPITRIFORMES,Accipitridae,Micronisus gabar,Gabar Goshawk,カワリウタオオタカ
ACCIPITRIFORMES,Accipitridae,Milvus aegyptius,Yellow-billed Kite,キバシトビ
ACCIPITRIFORMES,Accipitridae,Milvus migrans,Black Kite,トビ
ACCIPITRIFORMES,Accipitridae,Milvus milvus,Red Kite,アカトビ
ACCIPITRIFORMES,Accipitridae,Necrosyrtes monachus,Hooded Vulture,ズキンハゲワシ
ACCIPITRIFORMES,Accipitridae,Neophron percnopterus,Egyptian Vulture,エジプトハゲワシ
ACCIPITRIFORMES,Pandionidae,Pandion haliaetus,Osprey,ミサゴ
ACCIPITRIFORMES,Accipitridae,Parabuteo unicinctus,Harris's Hawk,モモアカノスリ
ACCIPITRIFORMES,Accipitridae,Pernis apivorus,European Honey Buzzard,ヨーロッパハチクマ
ACCIPITRIFORMES,Accipitridae,Pernis ptilorhynchus,Crested Honey Buzzard,ハチクマ
ACCIPITRIFORMES,Accipitridae,Polemaetus bellicosus,Martial Eagle,ゴマバラワシ
ACCIPITRIFORMES,Accipitridae,Polyboroides typus,African Harrier-Hawk,チュウヒダカ
ACCIPITRIFORMES,Sagittariidae,Sagittarius serpentarius,Secretarybird,ヘビクイワシ
ACCIPITRIFORMES,Accipitridae,Stephanoaetus coronatus,Crowned Eagle,カンムリクマタカ
ACCIPITRIFORMES,Accipitridae,Terathopius ecaudatus,Bateleur,ダルマワシ
ACCIPITRIFORMES,Accipitridae,Torgos tracheliotos,Lappet-faced Vulture,ミミヒダハゲワシ
ACCIPITRIFORMES,Accipitridae,Trigonoceps occipitalis,White-headed Vulture,カオジロハゲワシ
ACCIPITRIFORMES,Cathartidae,Vultur gryphus,Andean Condor,コンドル
ANSERIFORMES,Anatidae,Aix sponsa,Wood Duck,アメリカオシ
ANSERIFORMES,Anatidae,Anas acuta,Northern Pintail,オナガガモ
ANSERIFORMES,Anatidae,Anas carolinensis,Green-winged Teal,アメリカコガモ
ANSERIFORMES,Anatidae,Anas crecca,Eurasian Teal,コガモ
ANSERIFORMES,Anatidae,Anas georgica,Yellow-billed Pintail,キバシオナガガモ
ANSERIFORMES,Anatidae,Anas platyrhynchos,Mallard,マガモ
ANSERIFORMES,Anatidae,Anas rubripes,American Black Duck,アメリカガモ
ANSERIFORMES,Anatidae,Anser albifrons,Greater White-fronted Goose,マガン
ANSERIFORMES,Anatidae,Anser anser,Greylag Goose,ハイイロガン
ANSERIFORMES,Anatidae,Anser fabalis,Taiga Bean Goose,ニシヒシクイ
ANSERIFORMES,Anatidae,Anser indicus,Bar-headed Goose,インドガン
ANSERIFORMES,Anatidae,Aythya affinis,Lesser Scaup,コスズガモ
ANSERIFORMES,Anatidae,Aythya collaris,Ring-necked Duck,クビワキンクロ
ANSERIFORMES,Anatidae,Aythya ferina,Common Pochard,ホシハジロ
ANSERIFORMES,Anatidae,Aythya fuligula,Tufted Duck,キンクロハジロ
ANSERIFORMES,Anatidae,Aythya marila,Greater Scaup,スズガモ
ANSERIFORMES,Anatidae,Aythya nyroca,Ferruginous Duck,メジロガモ
ANSERIFORMES,Anatidae,Branta bernicla,Brant Goose,コクガン
ANSERIFORMES,Anatidae,Branta canadensis,Canada Goose,カナダガン
ANSERIFORMES,Anatidae,Branta leucopsis,Barnacle Goose,カオジロガン
ANSERIFORMES,Anatidae,Branta ruficollis,Red-breasted Goose,アオガン
ANSERIFORMES,Anatidae,Bucephala albeola,Bufflehead,ヒメハジロ
ANSERIFORMES,Anatidae,Bucephala clangula,Common Goldeneye,ホオジロガモ
ANSERIFORMES,Anatidae,Clangula hyemalis,Long-tailed Duck,コオリガモ
ANSERIFORMES,Anatidae,Coscoroba coscoroba,Coscoroba Swan,カモハクチョウ
ANSERIFORMES,Anatidae,Cygnus columbianus,Tundra Swan,コハクチョウ
ANSERIFORMES,Anatidae,Cygnus cygnus,Whooper Swan,オオハクチョウ
ANSERIFORMES,Anatidae,Cygnus olor,Mute Swan,コブハクチョウ
ANSERIFORMES,Anatidae,Mareca penelope,Eurasian Wigeon,ヒドリガモ
ANSERIFORMES,Anatidae,Mareca strepera,Gadwall,オカヨシガモ
ANSERIFORMES,Anatidae,Melanitta fusca,Velvet Scoter,ヨーロッパビロードキンクロ
ANSERIFORMES,Anatidae,Melanitta nigra,Common Scoter,ヨーロッパクロガモ
ANSERIFORMES,Anatidae,Mergellus albellus,Smew,ミコアイサ
ANSERIFORMES,Anatidae,Mergus merganser,Common Merganser,カワアイサ
ANSERIFORMES,Anatidae,Mergus serrator,Red-breasted Merganser,ウミアイサ
ANSERIFORMES,Anatidae,Neochen jubata,Orinoco Goose,オリノコガン
ANSERIFORMES,Anatidae,Netta rufina,Red-crested Pochard,アカハシハジロ
ANSERIFORMES,Anatidae,Oxyura jamaicensis,Ruddy Duck,アカオタテガモ
ANSERIFORMES,Anatidae,Somateria mollissima,Common Eider,ホンケワタガモ
ANSERIFORMES,Anatidae,Somateria spectabilis,King Eider,ケワタガモ
ANSERIFORMES,Anatidae,Spatula clypeata,Northern Shoveler,ハシビロガモ
ANSERIFORMES,Anatidae,Spatula discors,Blue-winged Teal,ミカヅキシマアジ
ANSERIFORMES,Anatidae,Spatula querquedula,Garganey,シマアジ
APODIFORMES,Trochilidae,Adelomyia melanogenys,Speckled Hummingbird,ミミグロハチドリ
APODIFORMES,Trochilidae,Aglaeactis castelnaudii,White-tufted Sunbeam,シロフサニジハチドリ
APODIFORMES,Trochilidae,Aglaeactis cupripennis,Shining Sunbeam,ニジハチドリ
APODIFORMES,Trochilidae,Aglaiocercus kingii,Long-tailed Sylph,アオフタオハチドリ
APODIFORMES,Trochilidae,Amazilia tzacatl,Rufous-tailed Hummingbird,ハイバラエメラルドハチドリ
APODIFORMES,Trochilidae,Amazilis amazilia,Amazilia Hummingbird,チャムネエメラルドハチドリ
APODIFORMES,Trochilidae,Anthracothorax nigricollis,Black-throated Mango,ムナグロマンゴーハチドリ
APODIFORMES,Apodidae,Apus affinis,Little Swift,ニシヒメアマツバメ
APODIFORMES,Apodidae,Apus apus,Common Swift,ヨーロッパアマツバメ
APODIFORMES,Apodidae,Apus pallidus,Pallid Swift,ウスアマツバメ
APODIFORMES,Trochilidae,Archilochus alexandri,Black-chinned Hummingbird,ノドグロハチドリ
APODIFORMES,Trochilidae,Archilochus colubris,Ruby-throated Hummingbird,ノドアカハチドリ
APODIFORMES,Trochilidae,Boissonneaua matthewsii,Chestnut-breasted Coronet,チャムネフチオハチドリ
APODIFORMES,Trochilidae,Calliphlox amethystina,Amethyst Woodstar,アメシストハチドリ
APODIFORMES,Trochilidae,Calypte anna,Anna's Hummingbird,アンナハチドリ
APODIFORMES,Trochilidae,Campylopterus hemileucurus,Violet Sabrewing,ムラサキケンバネハチドリ
APODIFORMES,Trochilidae,Campylopterus largipennis,Grey-breasted Sabrewing,ハイバラケンバネハチドリ
APODIFORMES,Trochilidae,Chaetocercus mulsant,White-bellied Woodstar,シロハラチビハチドリ
APODIFORMES,Apodidae,Chaetura pelagica,Chimney Swift,エントツアマツバメ
APODIFORMES,Trochilidae,Chalcostigma herrani,Rainbow-bearded Thornbill,ニジイロコバシハチドリ
APODIFORMES,Trochilidae,Chalcostigma ruficeps,Rufous-capped Thornbill,ズアカコバシハチドリ
APODIFORMES,Trochilidae,Chalcostigma stanleyi,Blue-mantled Thornbill,セアオコバシハチドリ
APODIFORMES,Trochilidae,Chalybura urochrysia,Bronze-tailed Plumeleteer,ドウイロハチドリ
APODIFORMES,Trochilidae,Chionomesa fimbriata,Glittering-throated Emerald,テリノドエメラルドハチドリ
APODIFORMES,Trochilidae,Chionomesa lactea,Sapphire-spangled Emerald,シロスジエメラルドハチドリ
APODIFORMES,Trochilidae,Chlorestes eliciae,Blue-throated Sapphire,オウゴンサファイアハチドリ
APODIFORMES,Trochilidae,Chlorostilbon assimilis,Garden Emerald,パナマヒメエメラルドハチドリ
APODIFORMES,Trochilidae,Chlorostilbon mellisugus,Blue-tailed Emerald,アイオヒメエメラルドハチドリ
APODIFORMES,Trochilidae,Chrysuronia oenone,Golden-tailed Sapphire,コガネオハチドリ
APODIFORMES,Trochilidae,Coeligena coeligena,Bronzy Inca,ブロンズインカハチドリ
APODIFORMES,Trochilidae,Coeligena iris,Rainbow Starfrontlet,ニジインカハチドリ
APODIFORMES,Trochilidae,Coeligena torquata,Collared Inca,シロエリインカハチドリ
APODIFORMES,Trochilidae,Coeligena violifer,Violet-throated Starfrontlet,ルリノドインカハチドリ
APODIFORMES,Trochilidae,Colibri coruscans,Sparkling Violetear,アオミミハチドリ
APODIFORMES,Trochilidae,Colibri thalassinus,Mexican Violetear,ミドリハチドリ
APODIFORMES,Trochilidae,Cynanthus latirostris,Broad-billed Hummingbird,アカハシハチドリ
APODIFORMES,Trochilidae,Doryfera ludovicae,Green-fronted Lancebill,ミドリビタイヤリハチドリ
APODIFORMES,Trochilidae,Elliotomyia chionogaster,White-bellied Hummingbird,ユキハラエメラルドハチドリ
APODIFORMES,Trochilidae,Elliotomyia viridicauda,Green-and-white Hummingbird,アオシロエメラルドハチドリ
APODIFORMES,Trochilidae,Ensifera ensifera,Sword-billed Hummingbird,ヤリハシハチドリ
APODIFORMES,Trochilidae,Eriocnemis aline,Emerald-bellied Puffleg,ミドリワタアシハチドリ
APODIFORMES,Trochilidae,Eriocnemis luciani,Sapphire-vented Puffleg,アオハラワタアシハチドリ
APODIFORMES,Trochilidae,Eugenes fulgens,Rivoli's Hummingbird,アオノドハチドリ
APODIFORMES,Trochilidae,Eupherusa eximia,Stripe-tailed Hummingbird,クロスジオジロハチドリ
APODIFORMES,Trochilidae,Eutoxeres aquila,White-tipped Sicklebill,カマハシハチドリ
APODIFORMES,Trochilidae,Eutoxeres condamini,Buff-tailed Sicklebill,アカオカマハシハチドリ
APODIFORMES,Trochilidae,Florisuga fusca,Black Jacobin,クロハチドリ
APODIFORMES,Trochilidae,Florisuga mellivora,White-necked Jacobin,シロエリハチドリ
APODIFORMES,Trochilidae,Glaucis aeneus,Bronzy Hermit,ブロンズハチドリ
APODIFORMES,Trochilidae,Glaucis hirsutus,Rufous-breasted Hermit,ムネアカハチドリ
APODIFORMES,Trochilidae,Haplophaedia aureliae,Greenish Puffleg,ミドリアシゲハチドリ
APODIFORMES,Trochilidae,Heliangelus amethysticollis,Amethyst-throated Sunangel,アメシストテンシハチドリ
APODIFORMES,Trochilidae,Heliangelus micraster,Flame-throated Sunangel,ヒノドテンシハチドリ
APODIFORMES,Trochilidae,Heliangelus viola,Purple-throated Sunangel,フジノドテンシハチドリ
APODIFORMES,Trochilidae,Heliodoxa aurescens,Gould's Jewelfront,ホウセキハチドリ
APODIFORMES,Trochilidae,Heliodoxa branickii,Rufous-webbed Brilliant,アカバネテリハチドリ
APODIFORMES,Trochilidae,Heliodoxa jacula,Green-crowned Brilliant,ミドリボウシテリハチドリ
APODIFORMES,Trochilidae,Heliodoxa leadbeateri,Violet-fronted Brilliant,スミレビタイテリハチドリ
APODIFORMES,Trochilidae,Heliodoxa rubinoides,Fawn-breasted Brilliant,チャムネテリハチドリ
APODIFORMES,Trochilidae,Heliodoxa rubricauda,Brazilian Ruby,ルビーハチドリ
APODIFORMES,Trochilidae,Klais guimeti,Violet-headed Hummingbird,スミレガシラハチドリ
APODIFORMES,Trochilidae,Lafresnaya lafresnayi,Mountain Velvetbreast,ビロードハチドリ
APODIFORMES,Trochilidae,Lampornis cinereicauda,Grey-tailed Mountaingem,ネズミオシロメジリハチドリ
APODIFORMES,Trochilidae,Lampornis clemenciae,Blue-throated Mountaingem,ルリノドシロメジリハチドリ
APODIFORMES,Trochilidae,Lesbia nuna,Green-tailed Trainbearer,コミドリフタオハチドリ
APODIFORMES,Trochilidae,Lesbia victoriae,Black-tailed Trainbearer,ミドリフタオハチドリ
APODIFORMES,Trochilidae,Leucochloris albicollis,White-throated Hummingbird,ノドジロハチドリ
APODIFORMES,Trochilidae,Lophornis chalybeus,Festive Coquette,ミドリカザリハチドリ
APODIFORMES,Trochilidae,Lophornis delattrei,Rufous-crested Coquette,チャカザリハチドリ
APODIFORMES,Trochilidae,Metallura aeneocauda,Scaled Metaltail,ウロコテリオハチドリ
APODIFORMES,Trochilidae,Metallura eupogon,Fiery-throated Metaltail,ヒノドテリオハチドリ
APODIFORMES,Trochilidae,Metallura phoebe,Black Metaltail,クロテリオハチドリ
APODIFORMES,Trochilidae,Metallura tyrianthina,Tyrian Metaltail,エメラルドテリオハチドリ
APODIFORMES,Trochilidae,Microchera albocoronata,Snowcap,ワタボウシハチドリ
APODIFORMES,Trochilidae,Microchera chionura,White-tailed Emerald,オジロエメラルドハチドリ
APODIFORMES,Trochilidae,Myrmia micrura,Short-tailed Woodstar,チビオハチドリ
APODIFORMES,Trochilidae,Myrtis fanny,Purple-collared Woodstar,オウギオハチドリ
APODIFORMES,Trochilidae,Ocreatus underwoodii,White-booted Racket-tail,ラケットハチドリ
APODIFORMES,Trochilidae,Oreonympha nobilis,Bearded Mountaineer,テンニョハチドリ
APODIFORMES,Trochilidae,Oreotrochilus chimborazo,Ecuadorian Hillstar,エクアドルヤマハチドリ
APODIFORMES,Trochilidae,Oreotrochilus estella,Andean Hillstar,アンデスヤマハチドリ
APODIFORMES,Trochilidae,Oreotrochilus melanogaster,Black-breasted Hillstar,ムナグロヤマハチドリ
APODIFORMES,Trochilidae,Panterpe insignis,Fiery-throated Hummingbird,ヒノドハチドリ
APODIFORMES,Trochilidae,Patagona gigas,Giant Hummingbird,オオハチドリ
APODIFORMES,Trochilidae,Phaeochroa cuvierii,Scaly-breasted Hummingbird,セイガイハチドリ
APODIFORMES,Trochilidae,Phaethornis guy,Green Hermit,ミドリユミハチドリ
APODIFORMES,Trochilidae,Phaethornis hispidus,White-bearded Hermit,ノドジロユミハチドリ
APODIFORMES,Trochilidae,Phaethornis koepckeae,Koepcke's Hermit,ペルーユミハチドリ
APODIFORMES,Trochilidae,Phaethornis longirostris,Long-billed Hermit,ハシナガユミハチドリ
APODIFORMES,Trochilidae,Phaethornis longuemareus,Little Hermit,コビトユミハチドリ
APODIFORMES,Trochilidae,Phaethornis malaris,Great-billed Hermit,オオユミハシハチドリ
APODIFORMES,Trochilidae,Phaethornis ruber,Reddish Hermit,チャイロユミハチドリ
APODIFORMES,Trochilidae,Phaethornis striigularis,Stripe-throated Hermit,シマノドユミハチドリ
APODIFORMES,Trochilidae,Phaethornis superciliosus,Long-tailed Hermit,ユミハシハチドリ
APODIFORMES,Trochilidae,Phaethornis syrmatophorus,Tawny-bellied Hermit,キバラユミハチドリ
APODIFORMES,Trochilidae,Polyerata amabilis,Blue-chested Hummingbird,エメラルドハチドリ
APODIFORMES,Trochilidae,Polyerata decora,Charming Hummingbird,エメラルドカンムリハチドリ
APODIFORMES,Trochilidae,Polyonymus caroli,Bronze-tailed Comet,スミレフタオハチドリ
APODIFORMES,Trochilidae,Pterophanes cyanopterus,Great Sapphirewing,ルリバネハチドリ
APODIFORMES,Trochilidae,Ramphodon naevius,Saw-billed Hermit,ノコハシハチドリ
APODIFORMES,Trochilidae,Saucerottia edward,Snowy-bellied Hummingbird,シロムネエメラルドハチドリ
APODIFORMES,Trochilidae,Saucerottia saucerottei,Steely-vented Hummingbird,ブロンズエメラルドハチドリ
APODIFORMES,Trochilidae,Schistes geoffroyi,Geoffroy's Daggerbill,キリハシハチドリ
APODIFORMES,Trochilidae,Selasphorus calliope,Calliope Hummingbird,ヒメハチドリ
APODIFORMES,Trochilidae,Selasphorus flammula,Volcano Hummingbird,バラエリフトオハチドリ
APODIFORMES,Trochilidae,Selasphorus platycercus,Broad-tailed Hummingbird,フトオハチドリ
APODIFORMES,Trochilidae,Selasphorus rufus,Rufous Hummingbird,アカフトオハチドリ
APODIFORMES,Trochilidae,Stephanoxis lalandi,Green-crowned Plovercrest,カンムリハチドリ
APODIFORMES,Apodidae,Tachymarptis melba,Alpine Swift,シロハラアマツバメ
APODIFORMES,Trochilidae,Taphrospilus hypostictus,Many-spotted Hummingbird,ウロコハチドリ
APODIFORMES,Trochilidae,Thalurania colombica,Crowned Woodnymph,アオボウシモリハチドリ
APODIFORMES,Trochilidae,Thalurania furcata,Fork-tailed Woodnymph,エンビモリハチドリ
APODIFORMES,Trochilidae,Thalurania glaucopis,Violet-capped Woodnymph,スミレボウシハチドリ
APODIFORMES,Trochilidae,Thaumasius taczanowskii,Spot-throated Hummingbird,ホシノドミズベハチドリ
APODIFORMES,Trochilidae,Thaumastura cora,Peruvian Sheartail,ホソフタオハチドリ
APODIFORMES,Trochilidae,Threnetes leucurus,Pale-tailed Barbthroat,アゴヒゲハチドリ
APODIFORMES,Trochilidae,Threnetes ruckeri,Band-tailed Barbthroat,オビオヒゲハチドリ
BUCEROTIFORMES,Upupidae,Upupa epops,Eurasian Hoopoe,ヤツガシラ
CAPRIMULGIFORMES,Caprimulgidae,Antrostomus carolinensis,Chuck-will's-widow,チャックウィルヨタカ
CAPRIMULGIFORMES,Caprimulgidae,Caprimulgus europaeus,European Nightjar,ヨーロッパヨタカ
CAPRIMULGIFORMES,Caprimulgidae,Caprimulgus ruficollis,Red-necked Nightjar,アカエリヨタカ
CAPRIMULGIFORMES,Caprimulgidae,Chordeiles minor,Common Nighthawk,アメリカヨタカ
CHARADRIIFORMES,Scolopacidae,Actitis hypoleucos,Common Sandpiper,イソシギ
CHARADRIIFORMES,Scolopacidae,Actitis macularius,Spotted Sandpiper,アメリカイソシギ
CHARADRIIFORMES,Alcidae,Aethia cristatella,Crested Auklet,エトロフウミスズメ
CHARADRIIFORMES,Alcidae,Aethia psittacula,Parakeet Auklet,ウミオウム
CHARADRIIFORMES,Alcidae,Aethia pusilla,Least Auklet,コウミスズメ
CHARADRIIFORMES,Alcidae,Alca torda,Razorbill,オオハシウミガラス
CHARADRIIFORMES,Alcidae,Alle alle,Little Auk,ヒメウミスズメ
CHARADRIIFORMES,Laridae,Anous stolidus,Brown Noddy,クロアジサシ
CHARADRIIFORMES,Scolopacidae,Arenaria interpres,Ruddy Turnstone,キョウジョシギ
CHARADRIIFORMES,Alcidae,Brachyramphus marmoratus,Marbled Murrelet,アメリカマダラウミスズメ
CHARADRIIFORMES,Burhinidae,Burhinus oedicnemus,Eurasian Stone-curlew,イシチドリ
CHARADRIIFORMES,Scolopacidae,Calidris alba,Sanderling,ミユビシギ
CHARADRIIFORMES,Scolopacidae,Calidris alpina,Dunlin,ハマシギ
CHARADRIIFORMES,Scolopacidae,Calidris canutus,Red Knot,コオバシギ
CHARADRIIFORMES,Scolopacidae,Calidris ferruginea,Curlew Sandpiper,サルハマシギ
CHARADRIIFORMES,Scolopacidae,Calidris melanotos,Pectoral Sandpiper,アメリカウズラシギ
CHARADRIIFORMES,Scolopacidae,Calidris minuta,Little Stint,ヨーロッパトウネン
CHARADRIIFORMES,Scolopacidae,Calidris pugnax,Ruff,エリマキシギ
CHARADRIIFORMES,Alcidae,Cepphus carbo,Spectacled Guillemot,ケイマフリ
CHARADRIIFORMES,Alcidae,Cepphus columba,Pigeon Guillemot,ウミバト
CHARADRIIFORMES,Alcidae,Cepphus grylle,Black Guillemot,ハジロウミバト
CHARADRIIFORMES,Alcidae,Cerorhinca monocerata,Rhinoceros Auklet,ウトウ
CHARADRIIFORMES,Charadriidae,Charadrius dubius,Little Ringed Plover,コチドリ
CHARADRIIFORMES,Charadriidae,Charadrius hiaticula,Common Ringed Plover,ハジロコチドリ
CHARADRIIFORMES,Charadriidae,Charadrius morinellus,Eurasian Dotterel,コバシチドリ
CHARADRIIFORMES,Charadriidae,Charadrius vociferus,Killdeer,フタオビチドリ
CHARADRIIFORMES,Chionidae,Chionis albus,Snowy Sheathbill,サヤハシチドリ
CHARADRIIFORMES,Laridae,Chlidonias hybrida,Whiskered Tern,クロハラアジサシ
CHARADRIIFORMES,Laridae,Chlidonias leucopterus,White-winged Tern,ハジロクロハラアジサシ
CHARADRIIFORMES,Laridae,Chlidonias niger,Black Tern,ハシグロクロハラアジサシ
CHARADRIIFORMES,Laridae,Chroicocephalus ridibundus,Black-headed Gull,ユリカモメ
CHARADRIIFORMES,Laridae,Creagrus furcatus,Swallow-tailed Gull,アカメカモメ
CHARADRIIFORMES,Glareolidae,Cursorius cursor,Cream-colored Courser,スナバシリ
CHARADRIIFORMES,Alcidae,Fratercula arctica,Atlantic Puffin,ニシツノメドリ
CHARADRIIFORMES,Alcidae,Fratercula cirrhata,Tufted Puffin,エトピリカ
CHARADRIIFORMES,Alcidae,Fratercula corniculata,Horned Puffin,ツノメドリ
CHARADRIIFORMES,Scolopacidae,Gallinago gallinago,Common Snipe,タシギ
CHARADRIIFORMES,Scolopacidae,Gallinago media,Great Snipe,ヨーロッパジシギ
CHARADRIIFORMES,Glareolidae,Glareola nordmanni,Black-winged Pratincole,ハグロツバメチドリ
CHARADRIIFORMES,Glareolidae,Glareola pratincola,Collared Pratincole,ニシツバメチドリ
CHARADRIIFORMES,Laridae,Gygis alba,White Tern,シロアジサシ
CHARADRIIFORMES,Haematopodidae,Haematopus ostralegus,Eurasian Oystercatcher,ミヤコドリ
CHARADRIIFORMES,Recurvirostridae,Himantopus himantopus,Black-winged Stilt,セイタカシギ
CHARADRIIFORMES,Laridae,Hydrocoloeus minutus,Little Gull,ヒメカモメ
CHARADRIIFORMES,Laridae,Hydroprogne caspia,Caspian Tern,オニアジサシ
CHARADRIIFORMES,Laridae,Ichthyaetus melanocephalus,Mediterranean Gull,ニシズグロカモメ
CHARADRIIFORMES,Laridae,Larosterna inca,Inca Tern,インカアジサシ
CHARADRIIFORMES,Laridae,Larus argentatus,European Herring Gull,セグロカモメ
CHARADRIIFORMES,Laridae,Larus cachinnans,Caspian Gull,カスピセグロカモメ
CHARADRIIFORMES,Laridae,Larus californicus,California Gull,カリフォルニアカモメ
CHARADRIIFORMES,Laridae,Larus canus,Common Gull,カモメ
CHARADRIIFORMES,Laridae,Larus crassirostris,Black-tailed Gull,ウミネコ
CHARADRIIFORMES,Laridae,Larus fuscus,Lesser Black-backed Gull,ニシセグロカモメ
CHARADRIIFORMES,Laridae,Larus glaucescens,Glaucous-winged Gull,ワシカモメ
CHARADRIIFORMES,Laridae,Larus glaucoides,Iceland Gull,アイスランドカモメ
CHARADRIIFORMES,Laridae,Larus heermanni,Heermann's Gull,オグロカモメ
CHARADRIIFORMES,Laridae,Larus hyperboreus,Glaucous Gull,シロカモメ
CHARADRIIFORMES,Laridae,Larus marinus,Great Black-backed Gull,オオカモメ
CHARADRIIFORMES,Laridae,Larus michahellis,Yellow-legged Gull,キアシセグロカモメ
CHARADRIIFORMES,Laridae,Larus occidentalis,Western Gull,アメリカオオセグロカモメ
CHARADRIIFORMES,Laridae,Larus schistisagus,Slaty-backed Gull,オオセグロカモメ
CHARADRIIFORMES,Laridae,Leucophaeus atricilla,Laughing Gull,ワライカモメ
CHARADRIIFORMES,Laridae,Leucophaeus pipixcan,Franklin's Gull,アメリカズグロカモメ
CHARADRIIFORMES,Scolopacidae,Limnodromus griseus,Short-billed Dowitcher,アメリカオオハシシギ
CHARADRIIFORMES,Scolopacidae,Limosa lapponica,Bar-tailed Godwit,オオソリハシシギ
CHARADRIIFORMES,Scolopacidae,Limosa limosa,Black-tailed Godwit,オグロシギ
CHARADRIIFORMES,Scolopacidae,Lymnocryptes minimus,Jack Snipe,コシギ
CHARADRIIFORMES,Scolopacidae,Numenius arquata,Eurasian Curlew,ダイシャクシギ
CHARADRIIFORMES,Scolopacidae,Numenius phaeopus,Eurasian Whimbrel,チュウシャクシギ
CHARADRIIFORMES,Laridae,Onychoprion anaethetus,Bridled Tern,マミジロアジサシ
CHARADRIIFORMES,Laridae,Onychoprion fuscatus,Sooty Tern,セグロアジサシ
CHARADRIIFORMES,Scolopacidae,Phalaropus fulicarius,Red Phalarope,ハイイロヒレアシシギ
CHARADRIIFORMES,Scolopacidae,Phalaropus lobatus,Red-necked Phalarope,アカエリヒレアシシギ
CHARADRIIFORMES,Charadriidae,Pluvialis apricaria,European Golden Plover,ヨーロッパムナグロ
CHARADRIIFORMES,Charadriidae,Pluvialis fulva,Pacific Golden Plover,ムナグロ
CHARADRIIFORMES,Charadriidae,Pluvialis squatarola,Grey Plover,ダイゼン
CHARADRIIFORMES,Alcidae,Ptychoramphus aleuticus,Cassin's Auklet,アメリカウミスズメ
CHARADRIIFORMES,Recurvirostridae,Recurvirostra avosetta,Pied Avocet,ソリハシセイタカシギ
CHARADRIIFORMES,Laridae,Rissa brevirostris,Red-legged Kittiwake,アカアシミツユビカモメ
CHARADRIIFORMES,Laridae,Rissa tridactyla,Black-legged Kittiwake,ミツユビカモメ
CHARADRIIFORMES,Laridae,Rynchops niger,Black Skimmer,クロハサミアジサシ
CHARADRIIFORMES,Scolopacidae,Scolopax minor,American Woodcock,アメリカヤマシギ
CHARADRIIFORMES,Scolopacidae,Scolopax rusticola,Eurasian Woodcock,ヤマシギ
CHARADRIIFORMES,Stercorariidae,Stercorarius antarcticus,Brown Skua,ミナミオオトウゾクカモメ
CHARADRIIFORMES,Stercorariidae,Stercorarius longicaudus,Long-tailed Jaeger,シロハラトウゾクカモメ
CHARADRIIFORMES,Stercorariidae,Stercorarius maccormicki,South Polar Skua,オオトウゾクカモメ
CHARADRIIFORMES,Stercorariidae,Stercorarius parasiticus,Parasitic Jaeger,クロトウゾクカモメ
CHARADRIIFORMES,Stercorariidae,Stercorarius pomarinus,Pomarine Jaeger,トウゾクカモメ
CHARADRIIFORMES,Stercorariidae,Stercorarius skua,Great Skua,キタオオトウゾクカモメ
CHARADRIIFORMES,Laridae,Sterna forsteri,Forster's Tern,メリケンアジサシ
CHARADRIIFORMES,Laridae,Sterna hirundo,Common Tern,アジサシ
CHARADRIIFORMES,Laridae,Sterna paradisaea,Arctic Tern,キョクアジサシ
CHARADRIIFORMES,Laridae,Sternula albifrons,Little Tern,コアジサシ
CHARADRIIFORMES,Alcidae,Synthliboramphus antiquus,Ancient Murrelet,ウミスズメ
CHARADRIIFORMES,Alcidae,Synthliboramphus craveri,Craveri's Murrelet,クラベリーウミスズメ
CHARADRIIFORMES,Alcidae,Synthliboramphus hypoleucus,Guadalupe Murrelet,セグロウミスズメ
CHARADRIIFORMES,Laridae,Thalasseus maximus,Royal Tern,アメリカオオアジサシ
CHARADRIIFORMES,Laridae,Thalasseus sandvicensis,Sandwich Tern,サンドイッチアジサシ
CHARADRIIFORMES,Scolopacidae,Tringa erythropus,Spotted Redshank,ツルシギ
CHARADRIIFORMES,Scolopacidae,Tringa glareola,Wood Sandpiper,タカブシギ
CHARADRIIFORMES,Scolopacidae,Tringa melanoleuca,Greater Yellowlegs,オオキアシシギ
CHARADRIIFORMES,Scolopacidae,Tringa nebularia,Common Greenshank,アオアシシギ
CHARADRIIFORMES,Scolopacidae,Tringa ochropus,Green Sandpiper,クサシギ
CHARADRIIFORMES,Scolopacidae,Tringa semipalmata,Willet,ハジロオオシギ
CHARADRIIFORMES,Scolopacidae,Tringa solitaria,Solitary Sandpiper,コシグロクサシギ
CHARADRIIFORMES,Scolopacidae,Tringa totanus,Common Redshank,アカアシシギ
CHARADRIIFORMES,Alcidae,Uria aalge,Common Murre,ウミガラス
CHARADRIIFORMES,Alcidae,Uria lomvia,Thick-billed Murre,ハシブトウミガラス
CHARADRIIFORMES,Charadriidae,Vanellus spinosus,Spur-winged Lapwing,ツバメゲリ
CHARADRIIFORMES,Charadriidae,Vanellus vanellus,Northern Lapwing,タゲリ
CICONIIFORMES,Ciconiidae,Ciconia abdimii,Abdim's Stork,アオハシコウ
CICONIIFORMES,Ciconiidae,Ciconia ciconia,White Stork,シュバシコウ
CICONIIFORMES,Ciconiidae,Ciconia nigra,Black Stork,ナベコウ
CICONIIFORMES,Ciconiidae,Leptoptilos crumenifer,Marabou Stork,アフリカハゲコウ
CICONIIFORMES,Ciconiidae,Mycteria americana,Wood Stork,アメリカトキコウ
COLUMBIFORMES,Columbidae,Columba livia,Rock Dove,カワラバト
COLUMBIFORMES,Columbidae,Columba oenas,Stock Dove,ヒメモリバト
COLUMBIFORMES,Columbidae,Columba palumbus,Common Wood Pigeon,モリバト
COLUMBIFORMES,Columbidae,Patagioenas leucocephala,White-crowned Pigeon,シロボウシバト
COLUMBIFORMES,Columbidae,Streptopelia decaocto,Eurasian Collared Dove,シラコバト
COLUMBIFORMES,Columbidae,Streptopelia roseogrisea,African Collared Dove,バライロシラコバト
COLUMBIFORMES,Columbidae,Streptopelia turtur,European Turtle Dove,コキジバト
COLUMBIFORMES,Columbidae,Zenaida macroura,Mourning Dove,ナゲキバト
COLUMBIFORMES,Columbidae,Streptopelia orientalis,Oriental Turtle Dove,キジバト
CORACIIFORMES,Alcedinidae,Alcedo atthis,Common Kingfisher,カワセミ
CORACIIFORMES,Coraciidae,Coracias garrulus,European Roller,ニシブッポウソウ
CORACIIFORMES,Alcedinidae,Megaceryle alcyon,Belted Kingfisher,アメリカヤマセミ
CORACIIFORMES,Meropidae,Merops apiaster,European Bee-eater,ヨーロッパハチクイ
CUCULIFORMES,Cuculidae,Coccyzus americanus,Yellow-billed Cuckoo,キバシカッコウ
CUCULIFORMES,Cuculidae,Cuculus canorus,Common Cuckoo,カッコウ
FALCONIFORMES,Falconidae,Caracara plancus,Crested Caracara,ミナミカラカラ
FALCONIFORMES,Falconidae,Falco amurensis,Amur Falcon,アカアシチョウゲンボウ
FALCONIFORMES,Falconidae,Falco biarmicus,Lanner Falcon,ラナーハヤブサ
FALCONIFORMES,Falconidae,Falco cherrug,Saker Falcon,ワキスジハヤブサ
FALCONIFORMES,Falconidae,Falco chicquera,Red-necked Falcon,アカガシラチョウゲンボウ
FALCONIFORMES,Falconidae,Falco columbarius,Merlin,コチョウゲンボウ
FALCONIFORMES,Falconidae,Falco concolor,Sooty Falcon,ウスズミハヤブサ
FALCONIFORMES,Falconidae,Falco dickinsoni,Dickinson's Kestrel,ハイガシラチョウゲンボウ
FALCONIFORMES,Falconidae,Falco eleonorae,Eleonora's Falcon,エレオノラハヤブサ
FALCONIFORMES,Falconidae,Falco jugger,Laggar Falcon,ラガーハヤブサ
FALCONIFORMES,Falconidae,Falco mexicanus,Prairie Falcon,ソウゲンハヤブサ
FALCONIFORMES,Falconidae,Falco naumanni,Lesser Kestrel,ヒメチョウゲンボウ
FALCONIFORMES,Falconidae,Falco peregrinus,Peregrine Falcon,ハヤブサ
FALCONIFORMES,Falconidae,Falco rupicoloides,Greater Kestrel,メジロチョウゲンボウ
FALCONIFORMES,Falconidae,Falco rusticolus,Gyrfalcon,シロハヤブサ
FALCONIFORMES,Falconidae,Falco sparverius,American Kestrel,アメリカチョウゲンボウ
FALCONIFORMES,Falconidae,Falco subbuteo,Eurasian Hobby,チゴハヤブサ
FALCONIFORMES,Falconidae,Falco tinnunculus,Common Kestrel,チョウゲンボウ
FALCONIFORMES,Falconidae,Falco vespertinus,Red-footed Falcon,ニシアカアシチョウゲンボウ
FALCONIFORMES,Falconidae,Polihierax semitorquatus,Pygmy Falcon,コビトハヤブサ
GALLIFORMES,Phasianidae,Alectoris graeca,Rock Partridge,ハイイロイワシャコ
GALLIFORMES,Phasianidae,Alectoris rufa,Red-legged Partridge,アカアシイワシャコ
GALLIFORMES,Phasianidae,Bonasa umbellus,Ruffed Grouse,エリマキライチョウ
GALLIFORMES,Phasianidae,Centrocercus urophasianus,Sage Grouse,キジオライチョウ
GALLIFORMES,Odontophoridae,Colinus virginianus,Northern Bobwhite,コリンウズラ
GALLIFORMES,Phasianidae,Coturnix coturnix,Common Quail,ヨーロッパウズラ
GALLIFORMES,Phasianidae,Coturnix japonica,Japanese Quail,ウズラ
GALLIFORMES,Phasianidae,Gallus gallus,Red Junglefowl,セキショクヤケイ
GALLIFORMES,Phasianidae,Lagopus lagopus,Willow Ptarmigan,カラフトライチョウ
GALLIFORMES,Phasianidae,Lagopus muta,Rock Ptarmigan,ライチョウ
GALLIFORMES,Phasianidae,Lyrurus tetrix,Black Grouse,クロライチョウ
GALLIFORMES,Phasianidae,Meleagris gallopavo,Wild Turkey,シチメンチョウ
GALLIFORMES,Phasianidae,Pavo cristatus,Indian Peafowl,インドクジャク
GALLIFORMES,Phasianidae,Perdix perdix,Grey Partridge,ヨーロッパヤマウズラ
GALLIFORMES,Phasianidae,Phasianus colchicus,Common Pheasant,コウライキジ
GALLIFORMES,Phasianidae,Tetrao urogallus,Western Capercaillie,ヨーロッパオオライチョウ
GALLIFORMES,Phasianidae,Tetrastes bonasia,Hazel Grouse,エゾライチョウ
GALLIFORMES,Phasianidae,Synoicus chinensis,King Quail,ヒメウズラ
GALLIFORMES,Phasianidae,Phasianus versicolor,Green Pheasant,キジ
GAVIIFORMES,Gaviidae,Gavia arctica,Black-throated Loon,オオハム
GAVIIFORMES,Gaviidae,Gavia immer,Common Loon,ハシグロアビ
GAVIIFORMES,Gaviidae,Gavia stellata,Red-throated Loon,アビ
GRUIFORMES,Aramidae,Aramus guarauna,Limpkin,ツルモドキ
GRUIFORMES,Rallidae,Crex crex,Corn Crake,ウズラクイナ
GRUIFORMES,Rallidae,Fulica americana,American Coot,アメリカオオバン
GRUIFORMES,Rallidae,Fulica atra,Eurasian Coot,オオバン
GRUIFORMES,Rallidae,Gallinula chloropus,Common Moorhen,バン
GRUIFORMES,Gruidae,Grus grus,Common Crane,クロヅル
GRUIFORMES,Rallidae,Porzana carolina,Sora,カオグロクイナ
GRUIFORMES,Rallidae,Porzana porzana,Spotted Crake,コモンクイナ
GRUIFORMES,Rallidae,Rallus aquaticus,Water Rail,ヨーロッパクイナ
GRUIFORMES,Rallidae,Rallus elegans,King Rail,オウサマクイナ
GRUIFORMES,Rallidae,Rallus limicola,Virginia Rail,コオニクイナ
GRUIFORMES,Rallidae,Rallus longirostris,Mangrove Rail,オニクイナ
GRUIFORMES,Rallidae,Zapornia parva,Little Crake,コクイナ
GRUIFORMES,Rallidae,Zapornia paykullii,Band-bellied Crake,コウライクイナ
NA,NA,NA,NA,NA
OTIDIFORMES,Otididae,Ardeotis kori,Kori Bustard,アフリカオオノガン
OTIDIFORMES,Otididae,Otis tarda,Great Bustard,ノガン
OTIDIFORMES,Otididae,Tetrax tetrax,Little Bustard,ヒメノガン
PASSERIFORMES,Acrocephalidae,Acrocephalus agricola,Paddyfield Warbler,イナダヨシキリ
PASSERIFORMES,Acrocephalidae,Acrocephalus arundinaceus,Great Reed Warbler,ニシオオヨシキリ
PASSERIFORMES,Acrocephalidae,Acrocephalus melanopogon,Moustached Warbler,マミジロヨシキリ
PASSERIFORMES,Acrocephalidae,Acrocephalus palustris,Marsh Warbler,ヌマヨシキリ
PASSERIFORMES,Acrocephalidae,Acrocephalus schoenobaenus,Sedge Warbler,スゲヨシキリ
PASSERIFORMES,Acrocephalidae,Acrocephalus scirpaceus,Common Reed Warbler,ヨーロッパヨシキリ
PASSERIFORMES,Aegithalidae,Aegithalos caudatus,Long-tailed Tit,エナガ
PASSERIFORMES,Icteridae,Agelaius phoeniceus,Red-winged Blackbird,ハゴロモガラス
PASSERIFORMES,Alaudidae,Alauda arvensis,Eurasian Skylark,ヒバリ
PASSERIFORMES,Passerellidae,Ammodramus savannarum,Grasshopper Sparrow,イナゴヒメドリ
PASSERIFORMES,Furnariidae,Anabacerthia variegaticeps,Scaly-throated Foliage-gleaner,ウロコノドカマドドリ
PASSERIFORMES,Motacillidae,Anthus campestris,Tawny Pipit,ムジタヒバリ
PASSERIFORMES,Motacillidae,Anthus cervinus,Red-throated Pipit,ムネアカタヒバリ
PASSERIFORMES,Motacillidae,Anthus pratensis,Meadow Pipit,マキバタヒバリ
PASSERIFORMES,Motacillidae,Anthus spinoletta,Water Pipit,ヒガシヨーロッパタヒバリ
PASSERIFORMES,Motacillidae,Anthus trivialis,Tree Pipit,ヨーロッパビンズイ
PASSERIFORMES,Furnariidae,Asthenes dorbignyi,Rusty-vented Canastero,キムネカマドドリ
PASSERIFORMES,Furnariidae,Asthenes griseomurina,Mouse-colored Thistletail,ネズミトゲオカマドドリ
PASSERIFORMES,Furnariidae,Asthenes ottonis,Rusty-fronted Canastero,アカビタイカマドドリ
PASSERIFORMES,Furnariidae,Asthenes virgata,Junin Canastero,キノドカマドドリ
PASSERIFORMES,Paridae,Baeolophus bicolor,Tufted Titmouse,エボシガラ
PASSERIFORMES,Bombycillidae,Bombycilla cedrorum,Cedar Waxwing,ヒメレンジャク
PASSERIFORMES,Bombycillidae,Bombycilla garrulus,Bohemian Waxwing,キレンジャク
PASSERIFORMES,Calcariidae,Calcarius lapponicus,Lapland Longspur,ツメナガホオジロ
PASSERIFORMES,Furnariidae,Campylorhamphus pusillus,Brown-billed Scythebill,チャユミハシオニキバシリ
PASSERIFORMES,Parulidae,Cardellina pusilla,Wilson's Warbler,ウィルソンアメリカムシクイ
PASSERIFORMES,Fringillidae,Carduelis carduelis,European Goldfinch,ゴシキヒワ
PASSERIFORMES,Fringillidae,Carduelis citrinella,Citril Finch,シトロンヒワ
PASSERIFORMES,Fringillidae,Carpodacus erythrinus,Common Rosefinch,アカマシコ
PASSERIFORMES,Turdidae,Catharus fuscescens,Veery,ビリーチャツグミ
PASSERIFORMES,Turdidae,Catharus guttatus,Hermit Thrush,チャイロコツグミ
PASSERIFORMES,Turdidae,Catharus minimus,Grey-cheeked Thrush,ハイイロチャツグミ
PASSERIFORMES,Turdidae,Catharus ustulatus,Swainson's Thrush,オリーブチャツグミ
PASSERIFORMES,Hirundinidae,Cecropis daurica,Red-rumped Swallow,コシアカツバメ
PASSERIFORMES,Certhiidae,Certhia brachydactyla,Short-toed Treecreeper,タンシキバシリ
PASSERIFORMES,Certhiidae,Certhia familiaris,Eurasian Treecreeper,キバシリ
PASSERIFORMES,Fringillidae,Chloris chloris,European Greenfinch,アオカワラヒワ
PASSERIFORMES,Furnariidae,Cinclodes taczanowskii,Peruvian Seaside Cinclodes,アライソカマドドリ
PASSERIFORMES,Cinclidae,Cinclus cinclus,White-throated Dipper,ムナジロカワガラス
PASSERIFORMES,Nectariniidae,Cinnyris osea,Palestine Sunbird,キタキフサタイヨウチョウ
PASSERIFORMES,Furnariidae,Clibanornis erythrocephalus,Henna-hooded Foliage-gleaner,アカズキンカマドドリ
PASSERIFORMES,Fringillidae,Coccothraustes coccothraustes,Hawfinch,シメ
PASSERIFORMES,Corvidae,Coloeus monedula,Western Jackdaw,ニシコクマルガラス
PASSERIFORMES,Regulidae,Corthylio calendula,Ruby-crowned Kinglet,ルビーキクイタダキ
PASSERIFORMES,Corvidae,Corvus brachyrhynchos,American Crow,アメリカガラス
PASSERIFORMES,Corvidae,Corvus corax,Northern Raven,ワタリガラス
PASSERIFORMES,Corvidae,Corvus cornix,Hooded Crow,ズキンガラス
PASSERIFORMES,Corvidae,Corvus corone,Carrion Crow,ハシボソガラス
PASSERIFORMES,Corvidae,Corvus frugilegus,Rook,ミヤマガラス
PASSERIFORMES,Corvidae,Corvus ossifragus,Fish Crow,ウオガラス
PASSERIFORMES,Corvidae,Corvus ruficollis,Brown-necked Raven,チャエリガラス
PASSERIFORMES,Furnariidae,Cranioleuca curtata,Ash-browed Spinetail,ハイマユカマドドリ
PASSERIFORMES,Sylviidae,Curruca communis,Common Whitethroat,ノドジロムシクイ
PASSERIFORMES,Sylviidae,Curruca curruca,Lesser Whitethroat,コノドジロムシクイ
PASSERIFORMES,Sylviidae,Curruca hortensis,Western Orphean Warbler,メジロムシクイ
PASSERIFORMES,Sylviidae,Curruca nisoria,Barred Warbler,シマムシクイ
PASSERIFORMES,Paridae,Cyanistes caeruleus,Eurasian Blue Tit,アオガラ
PASSERIFORMES,Corvidae,Cyanocitta cristata,Blue Jay,アオカケス
PASSERIFORMES,Corvidae,Cyanocorax yncas,Inca Jay,インカサンジャク
PASSERIFORMES,Hirundinidae,Delichon urbicum,Common House Martin,ニシイワツバメ
PASSERIFORMES,Furnariidae,Dendrocincla anabatina,Tawny-winged Woodcreeper,キマユコオニキバシリ
PASSERIFORMES,Furnariidae,Dendrocincla fuliginosa,Plain-brown Woodcreeper,コオニキバシリ
PASSERIFORMES,Furnariidae,Dendrocincla homochroa,Ruddy Woodcreeper,アカコオニキバシリ
PASSERIFORMES,Furnariidae,Dendrocolaptes sanctithomae,Northern Barred Woodcreeper,キタヨコジマオニキバシリ
PASSERIFORMES,Ploceidae,Dinemellia dinemelli,White-headed Buffalo Weaver,シロガシラウシハタオリ
PASSERIFORMES,Mimidae,Dumetella carolinensis,Grey Catbird,ネコマネドリ
PASSERIFORMES,Emberizidae,Emberiza calandra,Corn Bunting,ハタホオジロ
PASSERIFORMES,Emberizidae,Emberiza cia,Rock Bunting,ヒゲホオジロ
PASSERIFORMES,Emberizidae,Emberiza cirlus,Cirl Bunting,ノドグロアオジ
PASSERIFORMES,Emberizidae,Emberiza citrinella,Yellowhammer,キアオジ
PASSERIFORMES,Emberizidae,Emberiza hortulana,Ortolan Bunting,ズアオホオジロ
PASSERIFORMES,Emberizidae,Emberiza melanocephala,Black-headed Bunting,ズグロチャキンチョウ
PASSERIFORMES,Emberizidae,Emberiza pusilla,Little Bunting,コホオアカ
PASSERIFORMES,Emberizidae,Emberiza schoeniclus,Common Reed Bunting,オオジュリン
PASSERIFORMES,Muscicapidae,Erithacus rubecula,European Robin,ヨーロッパコマドリ
PASSERIFORMES,Icteridae,Euphagus cyanocephalus,Brewer's Blackbird,テリムクドリモドキ
PASSERIFORMES,Muscicapidae,Ficedula albicollis,Collared Flycatcher,シロエリヒタキ
PASSERIFORMES,Muscicapidae,Ficedula hypoleuca,European Pied Flycatcher,マダラヒタキ
PASSERIFORMES,Muscicapidae,Ficedula parva,Red-breasted Flycatcher,ニシオジロビタキ
PASSERIFORMES,Fringillidae,Fringilla coelebs,Common Chaffinch,ズアオアトリ
PASSERIFORMES,Fringillidae,Fringilla montifringilla,Brambling,アトリ
PASSERIFORMES,Alaudidae,Galerida cristata,Crested Lark,カンムリヒバリ
PASSERIFORMES,Corvidae,Garrulus glandarius,Eurasian Jay,カケス
PASSERIFORMES,Furnariidae,Geositta cunicularia,Common Miner,ジカマドドリ
PASSERIFORMES,Parulidae,Geothlypis trichas,Common Yellowthroat,カオグロアメリカムシクイ
PASSERIFORMES,Furnariidae,Glyphorynchus spirurus,Wedge-billed Woodcreeper,チビオニキバシリ
PASSERIFORMES,Fringillidae,Haemorhous purpureus,Purple Finch,ムラサキマシコ
PASSERIFORMES,Furnariidae,Hellmayrea gularis,White-browed Spinetail,マミジロカマドドリ
PASSERIFORMES,Acrocephalidae,Hippolais icterina,Icterine Warbler,キイロウタイムシクイ
PASSERIFORMES,Acrocephalidae,Hippolais polyglotta,Melodious Warbler,ウタイムシクイ
PASSERIFORMES,Hirundinidae,Hirundo rustica,Barn Swallow,ツバメ
PASSERIFORMES,Cettiidae,Horornis diphone,Japanese Bush Warbler,ウグイス
PASSERIFORMES,Turdidae,Hylocichla mustelina,Wood Thrush,モリツグミ
PASSERIFORMES,Pycnonotidae,Hypsipetes amaurotis,Brown-eared Bulbul,ヒヨドリ
PASSERIFORMES,Icteridae,Icterus spurius,Orchard Oriole,アカクロムクドリモドキ
PASSERIFORMES,Acrocephalidae,Iduna pallida,Eastern Olivaceous Warbler,ハイイロウタイムシクイ
PASSERIFORMES,Passerellidae,Junco hyemalis,Dark-eyed Junco,ユキヒメドリ
PASSERIFORMES,Laniidae,Lanius bucephalus,Bull-headed Shrike,モズ
PASSERIFORMES,Laniidae,Lanius collurio,Red-backed Shrike,セアカモズ
PASSERIFORMES,Laniidae,Lanius excubitor,Great Grey Shrike,ヨーロッパオオモズ
PASSERIFORMES,Laniidae,Lanius minor,Lesser Grey Shrike,ヒメオオモズ
PASSERIFORMES,Laniidae,Lanius senator,Woodchat Shrike,ズアカモズ
PASSERIFORMES,Fringillidae,Linaria cannabina,Common Linnet,ムネアカヒワ
PASSERIFORMES,Fringillidae,Linaria flavirostris,Twite,キバシヒワ
PASSERIFORMES,Locustellidae,Locustella luscinioides,Savi's Warbler,ヌマセンニュウ
PASSERIFORMES,Locustellidae,Locustella naevia,Common Grasshopper Warbler,ヤチセンニュウ
PASSERIFORMES,Paridae,Lophophanes cristatus,Crested Tit,カンムリガラ
PASSERIFORMES,Fringillidae,Loxia curvirostra,Red Crossbill,イスカ
PASSERIFORMES,Alaudidae,Lullula arborea,Woodlark,モリヒバリ
PASSERIFORMES,Muscicapidae,Luscinia luscinia,Thrush Nightingale,ヤブサヨナキドリ
PASSERIFORMES,Muscicapidae,Luscinia megarhynchos,Common Nightingale,サヨナキドリ
PASSERIFORMES,Muscicapidae,Luscinia svecica,Bluethroat,オガワコマドリ
PASSERIFORMES,Furnariidae,Margarornis squamiger,Pearled Treerunner,シンジュカマドドリ
PASSERIFORMES,Passerellidae,Melospiza georgiana,Swamp Sparrow,ヌマウタスズメ
PASSERIFORMES,Passerellidae,Melospiza lincolnii,Lincoln's Sparrow,ヒメウタスズメ
PASSERIFORMES,Passerellidae,Melospiza melodia,Song Sparrow,ウタスズメ
PASSERIFORMES,Mimidae,Mimus polyglottos,Northern Mockingbird,マネシツグミ
PASSERIFORMES,Parulidae,Mniotilta varia,Black-and-white Warbler,シロクロアメリカムシクイ
PASSERIFORMES,Icteridae,Molothrus ater,Brown-headed Cowbird,コウウチョウ
PASSERIFORMES,Muscicapidae,Monticola saxatilis,Common Rock Thrush,コシジロイソヒヨドリ
PASSERIFORMES,Muscicapidae,Monticola solitarius,Blue Rock Thrush,イソヒヨドリ
PASSERIFORMES,Motacillidae,Motacilla alba,White Wagtail,ハクセキレイ
PASSERIFORMES,Motacillidae,Motacilla cinerea,Grey Wagtail,キセキレイ
PASSERIFORMES,Motacillidae,Motacilla flava,Western Yellow Wagtail,ニシツメナガセキレイ
PASSERIFORMES,Muscicapidae,Muscicapa striata,Spotted Flycatcher,ムナフヒタキ
PASSERIFORMES,Corvidae,Nucifraga caryocatactes,Spotted Nutcracker,ホシガラス
PASSERIFORMES,Muscicapidae,Oenanthe oenanthe,Northern Wheatear,ハシグロヒタキ
PASSERIFORMES,Muscicapidae,Oenanthe pleschanka,Pied Wheatear,セグロサバクヒタキ
PASSERIFORMES,Oriolidae,Oriolus oriolus,Eurasian Golden Oriole,ニシコウライウグイス
PASSERIFORMES,Panuridae,Panurus biarmicus,Bearded Reedling,ヒゲガラ
PASSERIFORMES,Parulidae,Parkesia motacilla,Louisiana Waterthrush,ミナミミズツグミ
PASSERIFORMES,Parulidae,Parkesia noveboracensis,Northern Waterthrush,キタミズツグミ
PASSERIFORMES,Paridae,Parus major,Great Tit,ヨーロッパシジュウカラ
PASSERIFORMES,Paridae,Parus minor,Japanese Tit,シジュウカラ
PASSERIFORMES,Passeridae,Passer domesticus,House Sparrow,イエスズメ
PASSERIFORMES,Passeridae,Passer hispaniolensis,Spanish Sparrow,スペインスズメ
PASSERIFORMES,Passeridae,Passer montanus,Eurasian Tree Sparrow,スズメ
PASSERIFORMES,Passerellidae,Passerella iliaca,Red Fox Sparrow,ゴマフスズメ
PASSERIFORMES,Cardinalidae,Passerina cyanea,Indigo Bunting,ルリノジコ
PASSERIFORMES,Sturnidae,Pastor roseus,Rosy Starling,バライロムクドリ
PASSERIFORMES,Paridae,Periparus ater,Coal Tit,ヒガラ
PASSERIFORMES,Passeridae,Petronia petronia,Rock Sparrow,イワスズメ
PASSERIFORMES,Furnariidae,Phacellodomus striaticeps,Streak-fronted Thornbird,シロハラアレチカマドドリ
PASSERIFORMES,Cardinalidae,Pheucticus ludovicianus,Rose-breasted Grosbeak,ムネアカイカル
PASSERIFORMES,Cardinalidae,Pheucticus melanocephalus,Black-headed Grosbeak,チャバライカル
PASSERIFORMES,Muscicapidae,Phoenicurus ochruros,Black Redstart,クロジョウビタキ
PASSERIFORMES,Muscicapidae,Phoenicurus phoenicurus,Common Redstart,シロビタイジョウビタキ
PASSERIFORMES,Phylloscopidae,Phylloscopus bonelli,Western Bonelli's Warbler,ボネリームシクイ
PASSERIFORMES,Phylloscopidae,Phylloscopus collybita,Common Chiffchaff,チフチャフ
PASSERIFORMES,Phylloscopidae,Phylloscopus inornatus,Yellow-browed Warbler,キマユムシクイ
PASSERIFORMES,Phylloscopidae,Phylloscopus sibilatrix,Wood Warbler,モリムシクイ
PASSERIFORMES,Phylloscopidae,Phylloscopus trochiloides,Greenish Warbler,ヤナギムシクイ
PASSERIFORMES,Phylloscopidae,Phylloscopus trochilus,Willow Warbler,キタヤナギムシクイ
PASSERIFORMES,Corvidae,Pica pica,Eurasian Magpie,ユーラシアカササギ
PASSERIFORMES,Fringillidae,Pinicola enucleator,Pine Grosbeak,ギンザンマシコ
PASSERIFORMES,Passerellidae,Pipilo erythrophthalmus,Eastern Towhee,ワキアカトウヒチョウ
PASSERIFORMES,Cardinalidae,Piranga flava,Red Tanager,レンガフウキンチョウ
PASSERIFORMES,Calcariidae,Plectrophenax nivalis,Snow Bunting,ユキホオジロ
PASSERIFORMES,Paridae,Poecile atricapillus,Black-capped Chickadee,アメリカコガラ
PASSERIFORMES,Paridae,Poecile montanus,Willow Tit,コガラ
PASSERIFORMES,Paridae,Poecile palustris,Marsh Tit,ハシブトガラ
PASSERIFORMES,Passerellidae,Pooecetes gramineus,Vesper Sparrow,オジロヒメドリ
PASSERIFORMES,Furnariidae,Premnoplex brunnescens,Spotted Barbtail,キボシヒゲオカマドドリ
PASSERIFORMES,Furnariidae,Premnornis guttuliger,Rusty-winged Barbtail,アカバネヒゲオカマドドリ
PASSERIFORMES,Hirundinidae,Progne subis,Purple Martin,ムラサキツバメ
PASSERIFORMES,Prunellidae,Prunella modularis,Dunnock,ヨーロッパカヤクグリ
PASSERIFORMES,Aegithalidae,Psaltriparus minimus,American Bushtit,ヤブガラ
PASSERIFORMES,Furnariidae,Pseudocolaptes boissonneautii,Streaked Tuftedcheek,エリマキカマドドリ
PASSERIFORMES,Hirundinidae,Ptyonoprogne rupestris,Eurasian Crag Martin,チャイロツバメ
PASSERIFORMES,Corvidae,Pyrrhocorax graculus,Alpine Chough,キバシガラス
PASSERIFORMES,Corvidae,Pyrrhocorax pyrrhocorax,Red-billed Chough,ベニハシガラス
PASSERIFORMES,Fringillidae,Pyrrhula pyrrhula,Eurasian Bullfinch,ウソ
PASSERIFORMES,Icteridae,Quiscalus quiscula,Common Grackle,オオクロムクドリモドキ
PASSERIFORMES,Regulidae,Regulus ignicapilla,Common Firecrest,マミジロキクイタダキ
PASSERIFORMES,Regulidae,Regulus regulus,Goldcrest,キクイタダキ
PASSERIFORMES,Regulidae,Regulus satrapa,Golden-crowned Kinglet,アメリカキクイタダキ
PASSERIFORMES,Remizidae,Remiz pendulinus,Eurasian Penduline Tit,ニシツリスガラ
PASSERIFORMES,Hirundinidae,Riparia riparia,Sand Martin,ショウドウツバメ
PASSERIFORMES,Muscicapidae,Saxicola rubetra,Whinchat,マミジロノビタキ
PASSERIFORMES,Muscicapidae,Saxicola rubicola,European Stonechat,ヨーロッパノビタキ
PASSERIFORMES,Tyrannidae,Sayornis phoebe,Eastern Phoebe,ツキヒメハエトリ
PASSERIFORMES,Furnariidae,Sclerurus guatemalensis,Scaly-throated Leaftosser,ウロコヤブクグリ
PASSERIFORMES,Parulidae,Seiurus aurocapilla,Ovenbird,カマドムシクイ
PASSERIFORMES,Fringillidae,Serinus serinus,European Serin,セリン
PASSERIFORMES,Parulidae,Setophaga americana,Northern Parula,アサギアメリカムシクイ
PASSERIFORMES,Parulidae,Setophaga caerulescens,Black-throated Blue Warbler,ノドグロルリアメリカムシクイ
PASSERIFORMES,Parulidae,Setophaga citrina,Hooded Warbler,クロズキンアメリカムシクイ
PASSERIFORMES,Parulidae,Setophaga coronata,Myrtle Warbler,キヅタアメリカムシクイ
PASSERIFORMES,Parulidae,Setophaga dominica,Yellow-throated Warbler,キノドアメリカムシクイ
PASSERIFORMES,Parulidae,Setophaga magnolia,Magnolia Warbler,シロオビアメリカムシクイ
PASSERIFORMES,Parulidae,Setophaga pensylvanica,Chestnut-sided Warbler,ワキチャアメリカムシクイ
PASSERIFORMES,Parulidae,Setophaga ruticilla,American Redstart,ハゴロモムシクイ
PASSERIFORMES,Parulidae,Setophaga striata,Blackpoll Warbler,ズグロアメリカムシクイ
PASSERIFORMES,Parulidae,Setophaga tigrina,Cape May Warbler,ホオアカアメリカムシクイ
PASSERIFORMES,Parulidae,Setophaga virens,Black-throated Green Warbler,ノドグロミドリアメリカムシクイ
PASSERIFORMES,Turdidae,Sialia sialis,Eastern Bluebird,ルリツグミ
PASSERIFORMES,Sittidae,Sitta europaea,Eurasian Nuthatch,ゴジュウカラ
PASSERIFORMES,Paridae,Sittiparus varius,Varied Tit,ヤマガラ
PASSERIFORMES,Fringillidae,Spinus spinus,Eurasian Siskin,マヒワ
PASSERIFORMES,Fringillidae,Spinus tristis,American Goldfinch,オウゴンヒワ
PASSERIFORMES,Passerellidae,Spizella passerina,Chipping Sparrow,チャガシラヒメドリ
PASSERIFORMES,Passerellidae,Spizella pusilla,Field Sparrow,ヒメドリ
PASSERIFORMES,Passerellidae,Spizelloides arborea,American Tree Sparrow,ムナフヒメドリ
PASSERIFORMES,Hirundinidae,Stelgidopteryx ruficollis,Southern Rough-winged Swallow,オビナシショウドウツバメ
PASSERIFORMES,Icteridae,Sturnella magna,Eastern Meadowlark,ヒガシマキバドリ
PASSERIFORMES,Sturnidae,Sturnus vulgaris,Common Starling,ホシムクドリ
PASSERIFORMES,Sylviidae,Sylvia atricapilla,Eurasian Blackcap,ズグロムシクイ
PASSERIFORMES,Sylviidae,Sylvia borin,Garden Warbler,ニワムシクイ
PASSERIFORMES,Furnariidae,Synallaxis brachyura,Slaty Spinetail,ススイロカマドドリ
PASSERIFORMES,Furnariidae,Synallaxis erythrothorax,Rufous-breasted Spinetail,ムネアカオナガカマドドリ
PASSERIFORMES,Furnariidae,Synallaxis unirufa,Rufous Spinetail,アカオナガカマドドリ
PASSERIFORMES,Furnariidae,Syndactyla rufosuperciliata,Buff-browed Foliage-gleaner,キマユカマドドリ
PASSERIFORMES,Hirundinidae,Tachycineta bicolor,Tree Swallow,ミドリツバメ
PASSERIFORMES,Tichodromidae,Tichodroma muraria,Wallcreeper,カベバシリ
PASSERIFORMES,Mimidae,Toxostoma rufum,Brown Thrasher,チャイロツグミモドキ
PASSERIFORMES,Troglodytidae,Troglodytes aedon,House Wren,イエミソサザイ
PASSERIFORMES,Troglodytidae,Troglodytes troglodytes,Eurasian Wren,ミソサザイ
PASSERIFORMES,Turdidae,Turdus iliacus,Redwing,ワキアカツグミ
PASSERIFORMES,Turdidae,Turdus merula,Common Blackbird,ニシクロウタドリ
PASSERIFORMES,Turdidae,Turdus migratorius,American Robin,コマツグミ
PASSERIFORMES,Turdidae,Turdus naumanni,Naumann's Thrush,ハチジョウツグミ
PASSERIFORMES,Turdidae,Turdus philomelos,Song Thrush,ウタツグミ
PASSERIFORMES,Turdidae,Turdus pilaris,Fieldfare,ノハラツグミ
PASSERIFORMES,Turdidae,Turdus torquatus,Ring Ouzel,クビワツグミ
PASSERIFORMES,Turdidae,Turdus viscivorus,Mistle Thrush,ヤドリギツグミ
PASSERIFORMES,Furnariidae,Upucerthia validirostris,Buff-breasted Earthcreeper,キムネカマハシカマドドリ
PASSERIFORMES,Vireonidae,Vireo olivaceus,Red-eyed Vireo,アカメモズモドキ
PASSERIFORMES,Vireonidae,Vireo solitarius,Blue-headed Vireo,フタスジモズモドキ
PASSERIFORMES,Furnariidae,Xenerpestes minlosi,Double-banded Greytail,ウチワカマドドリ
PASSERIFORMES,Furnariidae,Xenerpestes singularis,Equatorial Greytail,セキドウウチワカマドドリ
PASSERIFORMES,Furnariidae,Xenops minutus,Plain Xenops,ホオジロカマドドリ
PASSERIFORMES,Furnariidae,Xiphocolaptes promeropirhynchus,Strong-billed Woodcreeper,ハシブトオニキバシリ
PASSERIFORMES,Furnariidae,Xiphorhynchus erythropygius,Spotted Woodcreeper,シロボシオニキバシリ
PASSERIFORMES,Furnariidae,Xiphorhynchus flavigaster,Ivory-billed Woodcreeper,シロハシオニキバシリ
PASSERIFORMES,Furnariidae,Xiphorhynchus susurrans,Cocoa Woodcreeper,ココアオニキバシリ
PASSERIFORMES,Furnariidae,Xiphorhynchus triangularis,Olive-backed Woodcreeper,オリーブオニキバシリ
PASSERIFORMES,Passerellidae,Zonotrichia albicollis,White-throated Sparrow,ノドジロシトド
PASSERIFORMES,Motacillidae,Motacilla grandis,Japanese Wagtail,セグロセキレイ
PELECANIFORMES,Ardeidae,Ardea alba,Great Egret,ダイサギ
PELECANIFORMES,Ardeidae,Ardea cinerea,Grey Heron,アオサギ
PELECANIFORMES,Ardeidae,Ardea herodias,Great Blue Heron,オオアオサギ
PELECANIFORMES,Ardeidae,Ardea purpurea,Purple Heron,ムラサキサギ
PELECANIFORMES,Ardeidae,Ardeola ralloides,Squacco Heron,カンムリサギ
PELECANIFORMES,Ardeidae,Botaurus lentiginosus,American Bittern,アメリカサンカノゴイ
PELECANIFORMES,Ardeidae,Botaurus stellaris,Eurasian Bittern,サンカノゴイ
PELECANIFORMES,Ardeidae,Bubulcus ibis,Western Cattle Egret,ニシアマサギ
PELECANIFORMES,Ardeidae,Butorides striata,Striated Heron,ササゴイ
PELECANIFORMES,Ardeidae,Butorides virescens,Green Heron,アメリカササゴイ
PELECANIFORMES,Ardeidae,Egretta caerulea,Little Blue Heron,ヒメアカクロサギ
PELECANIFORMES,Ardeidae,Egretta garzetta,Little Egret,コサギ
PELECANIFORMES,Ardeidae,Egretta tricolor,Tricolored Heron,サンショクサギ
PELECANIFORMES,Threskiornithidae,Eudocimus albus,American White Ibis,シロトキ
PELECANIFORMES,Ardeidae,Ixobrychus minutus,Little Bittern,ヒメヨシゴイ
PELECANIFORMES,Ardeidae,Nycticorax nycticorax,Black-crowned Night Heron,ゴイサギ
PELECANIFORMES,Pelecanidae,Pelecanus crispus,Dalmatian Pelican,ハイイロペリカン
PELECANIFORMES,Pelecanidae,Pelecanus erythrorhynchos,American White Pelican,アメリカシロペリカン
PELECANIFORMES,Pelecanidae,Pelecanus occidentalis,Brown Pelican,カッショクペリカン
PELECANIFORMES,Pelecanidae,Pelecanus onocrotalus,Great White Pelican,モモイロペリカン
PELECANIFORMES,Pelecanidae,Pelecanus rufescens,Pink-backed Pelican,コシベニペリカン
PELECANIFORMES,Threskiornithidae,Platalea ajaja,Roseate Spoonbill,ベニヘラサギ
PELECANIFORMES,Threskiornithidae,Platalea leucorodia,Eurasian Spoonbill,ヘラサギ
PELECANIFORMES,Threskiornithidae,Plegadis chihi,White-faced Ibis,カオジロブロンズトキ
PELECANIFORMES,Threskiornithidae,Plegadis falcinellus,Glossy Ibis,ブロンズトキ
PHAETHONTIFORMES,Phaethontidae,Phaethon aethereus,Red-billed Tropicbird,アカハシネッタイチョウ
PHAETHONTIFORMES,Phaethontidae,Phaethon lepturus,White-tailed Tropicbird,シラオネッタイチョウ
PHAETHONTIFORMES,Phaethontidae,Phaethon rubricauda,Red-tailed Tropicbird,アカオネッタイチョウ
PHOENICOPTERIFORMES,Phoenicopteridae,Phoeniconaias minor,Lesser Flamingo,コフラミンゴ
PHOENICOPTERIFORMES,Phoenicopteridae,Phoenicopterus ruber,American Flamingo,オオフラミンゴ
PICIFORMES,Picidae,Colaptes auratus,Northern Flicker,ハシボソキツツキ
PICIFORMES,Picidae,Dendrocopos major,Great Spotted Woodpecker,アカゲラ
PICIFORMES,Picidae,Dendrocopos syriacus,Syrian Woodpecker,カオジロアカゲラ
PICIFORMES,Picidae,Dendrocoptes medius,Middle Spotted Woodpecker,ヒメアカゲラ
PICIFORMES,Picidae,Dryobates minor,Lesser Spotted Woodpecker,コアカゲラ
PICIFORMES,Picidae,Dryobates pubescens,Downy Woodpecker,セジロコゲラ
PICIFORMES,Picidae,Dryocopus martius,Black Woodpecker,クマゲラ
PICIFORMES,Picidae,Jynx torquilla,Eurasian Wryneck,アリスイ
PICIFORMES,Picidae,Melanerpes carolinus,Red-bellied Woodpecker,シマセゲラ
PICIFORMES,Picidae,Melanerpes formicivorus,Acorn Woodpecker,ドングリキツツキ
PICIFORMES,Picidae,Picus canus,Grey-headed Woodpecker,ヤマゲラ
PICIFORMES,Picidae,Picus viridis,European Green Woodpecker,ヨーロッパアオゲラ
PICIFORMES,Picidae,Sphyrapicus varius,Yellow-bellied Sapsucker,シルスイキツツキ
PODICIPEDIFORMES,Podicipedidae,Aechmophorus occidentalis,Western Grebe,クビナガカイツブリ
PODICIPEDIFORMES,Podicipedidae,Podiceps auritus,Horned Grebe,ミミカイツブリ
PODICIPEDIFORMES,Podicipedidae,Podiceps cristatus,Great Crested Grebe,カンムリカイツブリ
PODICIPEDIFORMES,Podicipedidae,Podiceps grisegena,Red-necked Grebe,アカエリカイツブリ
PODICIPEDIFORMES,Podicipedidae,Podiceps nigricollis,Black-necked Grebe,ハジロカイツブリ
PODICIPEDIFORMES,Podicipedidae,Podilymbus podiceps,Pied-billed Grebe,オビハシカイツブリ
PODICIPEDIFORMES,Podicipedidae,Tachybaptus ruficollis,Little Grebe,カイツブリ
PROCELLARIIFORMES,Procellariidae,Aphrodroma brevirostris,Kerguelen Petrel,ケルゲレンミズナギドリ
PROCELLARIIFORMES,Procellariidae,Ardenna bulleri,Buller's Shearwater,ミナミオナガミズナギドリ
PROCELLARIIFORMES,Procellariidae,Ardenna grisea,Sooty Shearwater,ハイイロミズナギドリ
PROCELLARIIFORMES,Procellariidae,Ardenna pacifica,Wedge-tailed Shearwater,オナガミズナギドリ
PROCELLARIIFORMES,Procellariidae,Ardenna tenuirostris,Short-tailed Shearwater,ハシボソミズナギドリ
PROCELLARIIFORMES,Procellariidae,Bulweria bulwerii,Bulwer's Petrel,アナドリ
PROCELLARIIFORMES,Procellariidae,Calonectris borealis,Cory's Shearwater,NA
PROCELLARIIFORMES,Procellariidae,Calonectris diomedea,Scopoli's Shearwater,オニミズナギドリ
PROCELLARIIFORMES,Procellariidae,Calonectris leucomelas,Streaked Shearwater,オオミズナギドリ
PROCELLARIIFORMES,Procellariidae,Daption capense,Cape Petrel,マダラフルマカモメ
PROCELLARIIFORMES,Diomedeidae,Diomedea epomophora,Southern Royal Albatross,ミナミシロアホウドリ
PROCELLARIIFORMES,Diomedeidae,Diomedea exulans,Wandering Albatross,ワタリアホウドリ
PROCELLARIIFORMES,Oceanitidae,Fregetta grallaria,White-bellied Storm Petrel,シロハラウミツバメ
PROCELLARIIFORMES,Oceanitidae,Fregetta tropica,Black-bellied Storm Petrel,クロハラウミツバメ
PROCELLARIIFORMES,Procellariidae,Fulmarus glacialis,Northern Fulmar,フルマカモメ
PROCELLARIIFORMES,Procellariidae,Fulmarus glacialoides,Southern Fulmar,ギンフルマカモメ
PROCELLARIIFORMES,Oceanitidae,Garrodia nereis,Grey-backed Storm Petrel,ヒメアシナガウミツバメ
PROCELLARIIFORMES,Procellariidae,Halobaena caerulea,Blue Petrel,アオミズナギドリ
PROCELLARIIFORMES,Hydrobatidae,Hydrobates homochroa,Ashy Storm Petrel,ススイロウミツバメ
PROCELLARIIFORMES,Hydrobatidae,Hydrobates leucorhous,Leach's Storm Petrel,コシジロウミツバメ
PROCELLARIIFORMES,Hydrobatidae,Hydrobates melania,Black Storm Petrel,アメリカクロウミツバメ
PROCELLARIIFORMES,Hydrobatidae,Hydrobates microsoma,Least Storm Petrel,コウミツバメ
PROCELLARIIFORMES,Hydrobatidae,Hydrobates pelagicus,European Storm Petrel,ヒメウミツバメ
PROCELLARIIFORMES,Hydrobatidae,Hydrobates tethys,Wedge-rumped Storm Petrel,ガラパゴスウミツバメ
PROCELLARIIFORMES,Procellariidae,Macronectes giganteus,Southern Giant Petrel,オオフルマカモメ
PROCELLARIIFORMES,Procellariidae,Macronectes halli,Northern Giant Petrel,キタオオフルマカモメ
PROCELLARIIFORMES,Oceanitidae,Nesofregetta fuliginosa,Polynesian Storm Petrel,ノドジロウミツバメ
PROCELLARIIFORMES,Oceanitidae,Oceanites oceanicus,Wilson's Storm Petrel,アシナガウミツバメ
PROCELLARIIFORMES,Procellariidae,Pachyptila belcheri,Slender-billed Prion,ハシボソクジラドリ
PROCELLARIIFORMES,Procellariidae,Pachyptila desolata,Antarctic Prion,ナンキョククジラドリ
PROCELLARIIFORMES,Procellariidae,Pachyptila salvini,Salvin's Prion,チュウヒロハシクジラドリ
PROCELLARIIFORMES,Procellariidae,Pachyptila turtur,Fairy Prion,ヒメクジラドリ
PROCELLARIIFORMES,Procellariidae,Pachyptila vittata,Broad-billed Prion,ヒロハシクジラドリ
PROCELLARIIFORMES,Procellariidae,Pagodroma nivea,Snow Petrel,ユキドリ
PROCELLARIIFORMES,Oceanitidae,Pelagodroma marina,White-faced Storm Petrel,カオジロウミツバメ
PROCELLARIIFORMES,Procellariidae,Pelecanoides georgicus,South Georgia Diving Petrel,ミナミモグリウミツバメ
PROCELLARIIFORMES,Procellariidae,Pelecanoides urinatrix,Common Diving Petrel,モグリウミツバメ
PROCELLARIIFORMES,Diomedeidae,Phoebastria immutabilis,Laysan Albatross,コアホウドリ
PROCELLARIIFORMES,Diomedeidae,Phoebastria irrorata,Waved Albatross,ガラパゴスアホウドリ
PROCELLARIIFORMES,Diomedeidae,Phoebastria nigripes,Black-footed Albatross,クロアシアホウドリ
PROCELLARIIFORMES,Diomedeidae,Phoebetria palpebrata,Light-mantled Albatross,ハイイロアホウドリ
PROCELLARIIFORMES,Procellariidae,Procellaria aequinoctialis,White-chinned Petrel,ノドジロクロミズナギドリ
PROCELLARIIFORMES,Procellariidae,Procellaria cinerea,Grey Petrel,オオハイイロミズナギドリ
PROCELLARIIFORMES,Procellariidae,Procellaria westlandica,Westland Petrel,ウエストランドクロミズナギドリ
PROCELLARIIFORMES,Procellariidae,Pseudobulweria rostrata,Tahiti Petrel,セグロシロハラミズナギドリ
PROCELLARIIFORMES,Procellariidae,Pterodroma alba,Phoenix Petrel,ムナオビシロハラミズナギドリ
PROCELLARIIFORMES,Procellariidae,Pterodroma brevipes,Collared Petrel,カワリヒメシロハラミズナギドリ
PROCELLARIIFORMES,Procellariidae,Pterodroma cervicalis,White-necked Petrel,クビワオオシロハラミズナギドリ
PROCELLARIIFORMES,Procellariidae,Pterodroma cookii,Cook's Petrel,ハジロシロハラミズナギドリ
PROCELLARIIFORMES,Procellariidae,Pterodroma deserta,Desertas Petrel,NA
PROCELLARIIFORMES,Procellariidae,Pterodroma externa,Juan Fernandez Petrel,オオシロハラミズナギドリ
PROCELLARIIFORMES,Procellariidae,Pterodroma heraldica,Herald Petrel,ヘラルドシロハラミズナギドリ
PROCELLARIIFORMES,Procellariidae,Pterodroma hypoleuca,Bonin Petrel,シロハラミズナギドリ
PROCELLARIIFORMES,Procellariidae,Pterodroma inexpectata,Mottled Petrel,マダラシロハラミズナギドリ
PROCELLARIIFORMES,Procellariidae,Pterodroma lessonii,White-headed Petrel,メグロシロハラミズナギドリ
PROCELLARIIFORMES,Procellariidae,Pterodroma leucoptera,Gould's Petrel,ミナミシロハラミズナギドリ
PROCELLARIIFORMES,Procellariidae,Pterodroma longirostris,Stejneger's Petrel,ヒメシロハラミズナギドリ
PROCELLARIIFORMES,Procellariidae,Pterodroma mollis,Soft-plumaged Petrel,カオジロミズナギドリ
PROCELLARIIFORMES,Procellariidae,Pterodroma neglecta,Kermadec Petrel,カワリシロハラミズナギドリ
PROCELLARIIFORMES,Procellariidae,Pterodroma nigripennis,Black-winged Petrel,ハグロシロハラミズナギドリ
PROCELLARIIFORMES,Procellariidae,Pterodroma phaeopygia,Galapagos Petrel,ガラパゴスシロハラミズナギドリ
PROCELLARIIFORMES,Procellariidae,Pterodroma pycrofti,Pycroft's Petrel,ウスヒメシロハラミズナギドリ
PROCELLARIIFORMES,Procellariidae,Pterodroma ultima,Murphy's Petrel,ウスハジロミズナギドリ
PROCELLARIIFORMES,Procellariidae,Puffinus assimilis,Little Shearwater,ヒメミズナギドリ
PROCELLARIIFORMES,Procellariidae,Puffinus huttoni,Hutton's Shearwater,ニュージーランドミズナギドリ
PROCELLARIIFORMES,Procellariidae,Puffinus lherminieri,Audubon's Shearwater,セグロミズナギドリ
PROCELLARIIFORMES,Procellariidae,Puffinus nativitatis,Christmas Shearwater,コミズナギドリ
PROCELLARIIFORMES,Procellariidae,Puffinus newelli,Newell's Shearwater,ハワイセグロミズナギドリ
PROCELLARIIFORMES,Procellariidae,Puffinus puffinus,Manx Shearwater,マンクスミズナギドリ
PROCELLARIIFORMES,Procellariidae,Puffinus yelkouan,Yelkouan Shearwater,チチュウカイミズナギドリ
PROCELLARIIFORMES,Diomedeidae,Thalassarche bulleri,Buller's Albatross,ニュージーランドアホウドリ
PROCELLARIIFORMES,Diomedeidae,Thalassarche chlororhynchos,Atlantic Yellow-nosed Albatross,ニシキバナアホウドリ
PROCELLARIIFORMES,Diomedeidae,Thalassarche chrysostoma,Grey-headed Albatross,ハイガシラアホウドリ
PROCELLARIIFORMES,Diomedeidae,Thalassarche melanophris,Black-browed Albatross,マユグロアホウドリ
PROCELLARIIFORMES,Procellariidae,Thalassoica antarctica,Antarctic Petrel,ナンキョクフルマカモメ
PSITTACIFORMES,Psittacidae,Amazona amazonica,Orange-winged Amazon,キソデボウシインコ
PSITTACIFORMES,Psittacidae,Psittacus erithacus,Grey Parrot,ヨウム
PTEROCLIFORMES,Pteroclidae,Pterocles coronatus,Crowned Sandgrouse,ササフサケイ
PTEROCLIFORMES,Pteroclidae,Pterocles orientalis,Black-bellied Sandgrouse,クロハラサケイ
SPHENISCIFORMES,Spheniscidae,Aptenodytes forsteri,Emperor Penguin,コウテイペンギン
SPHENISCIFORMES,Spheniscidae,Aptenodytes patagonicus,King Penguin,オウサマペンギン
SPHENISCIFORMES,Spheniscidae,Eudyptes chrysolophus,Macaroni Penguin,マカロニペンギン
SPHENISCIFORMES,Spheniscidae,Eudyptula minor,Little Penguin,コビトペンギン
SPHENISCIFORMES,Spheniscidae,Pygoscelis adeliae,Adelie Penguin,アデリーペンギン
SPHENISCIFORMES,Spheniscidae,Pygoscelis antarcticus,Chinstrap Penguin,ヒゲペンギン
SPHENISCIFORMES,Spheniscidae,Pygoscelis papua,Gentoo Penguin,ジェンツーペンギン
STRIGIFORMES,Strigidae,Aegolius acadicus,Northern Saw-whet Owl,アメリカキンメフクロウ
STRIGIFORMES,Strigidae,Asio capensis,Marsh Owl,アフリカコミミズク
STRIGIFORMES,Strigidae,Asio flammeus,Short-eared Owl,コミミズク
STRIGIFORMES,Strigidae,Asio otus,Long-eared Owl,トラフズク
STRIGIFORMES,Strigidae,Athene cunicularia,Burrowing Owl,アナホリフクロウ
STRIGIFORMES,Strigidae,Athene noctua,Little Owl,コキンメフクロウ
STRIGIFORMES,Strigidae,Bubo africanus,Spotted Eagle-Owl,アフリカワシミミズク
STRIGIFORMES,Strigidae,Bubo bubo,Eurasian Eagle-Owl,ワシミミズク
STRIGIFORMES,Strigidae,Bubo capensis,Cape Eagle-Owl,イワワシミミズク
STRIGIFORMES,Strigidae,Bubo scandiacus,Snowy Owl,シロフクロウ
STRIGIFORMES,Strigidae,Bubo virginianus,Great Horned Owl,アメリカワシミミズク
STRIGIFORMES,Strigidae,Glaucidium capense,African Barred Owlet,ヨコジマスズメフクロウ
STRIGIFORMES,Strigidae,Glaucidium perlatum,Pearl-spotted Owlet,アフリカスズメフクロウ
STRIGIFORMES,Strigidae,Ketupa lactea,Verreaux's Eagle-Owl,クロワシミミズク
STRIGIFORMES,Strigidae,Megascops asio,Eastern Screech Owl,アメリカオオコノハズク
STRIGIFORMES,Strigidae,Ninox japonica,Northern Boobook,アオバズク
STRIGIFORMES,Strigidae,Otus scops,Eurasian Scops Owl,ヨーロッパコノハズク
STRIGIFORMES,Strigidae,Otus semitorques,Japanese Scops Owl,オオコノハズク
STRIGIFORMES,Strigidae,Otus senegalensis,African Scops Owl,アフリカコノハズク
STRIGIFORMES,Strigidae,Ptilopsis leucotis,Northern White-faced Owl,アフリカオオコノハズク
STRIGIFORMES,Strigidae,Strix aluco,Tawny Owl,モリフクロウ
STRIGIFORMES,Strigidae,Strix uralensis,Ural Owl,フクロウ
STRIGIFORMES,Strigidae,Strix varia,Barred Owl,アメリカフクロウ
STRIGIFORMES,Strigidae,Strix woodfordii,African Wood Owl,アフリカヒナフクロウ
STRIGIFORMES,Tytonidae,Tyto alba,Western Barn Owl,メンフクロウ
STRIGIFORMES,Tytonidae,Tyto capensis,African Grass Owl,ミナミメンフクロウ
SULIFORMES,Anhingidae,Anhinga anhinga,Anhinga,アメリカヘビウ
SULIFORMES,Fregatidae,Fregata aquila,Ascension Frigatebird,メスグログンカンドリ
SULIFORMES,Fregatidae,Fregata magnificens,Magnificent Frigatebird,アメリカグンカンドリ
SULIFORMES,Fregatidae,Fregata minor,Great Frigatebird,オオグンカンドリ
SULIFORMES,Phalacrocoracidae,Gulosus aristotelis,European Shag,ヨーロッパヒメウ
SULIFORMES,Phalacrocoracidae,Leucocarbo atriceps,Imperial Shag,ズグロムナジロヒメウ
SULIFORMES,Phalacrocoracidae,Microcarbo pygmaeus,Pygmy Cormorant,コビトウ
SULIFORMES,Sulidae,Morus bassanus,Northern Gannet,シロカツオドリ
SULIFORMES,Sulidae,Morus serrator,Australasian Gannet,オーストラリアシロカツオドリ
SULIFORMES,Phalacrocoracidae,Nannopterum auritum,Double-crested Cormorant,ミミヒメウ
SULIFORMES,Phalacrocoracidae,Phalacrocorax capillatus,Japanese Cormorant,ウミウ
SULIFORMES,Phalacrocoracidae,Phalacrocorax carbo,Great Cormorant,カワウ
SULIFORMES,Sulidae,Sula dactylatra,Masked Booby,アオツラカツオドリ
SULIFORMES,Sulidae,Sula leucogaster,Brown Booby,カツオドリ
SULIFORMES,Sulidae,Sula nebouxii,Blue-footed Booby,アオアシカツオドリ
SULIFORMES,Sulidae,Sula sula,Red-footed Booby,アカアシカツオドリ
SULIFORMES,Phalacrocoracidae,Urile pelagicus,Pelagic Cormorant,ヒメウ
SULIFORMES,Phalacrocoracidae,Urile penicillatus,Brandt's Cormorant,アオノドヒメウ
TINAMIFORMES,Tinamidae,Rhynchotus rufescens,Red-winged Tinamou,アカバネシギダチョウ